# Flat del Sony FE 300 mm f/2,8 GM a f/2,8: perfil radial (simetritzat 180 graus, suavitzat sigma 25 px a mitja resolucio),
# dels flats de cel de l'A7III del 06-04-2025 (~/Desktop/Sony Calibration/Calibracio A7III 04-2025, jocs 3200 i 6400 fets servir junts).
# r en mm des del centre del sensor; factor = 1 al centre. La part parell no radial es de +-0,3 %: el perfil val per a qualsevol cos amb la lent (A7RIIIA: r = px * 4,51 um).
r_mm,R,G,B,n_px
0.05,1.0047,1.0049,1.0052,216
0.15,1.0043,1.0044,1.0047,680
0.25,1.0034,1.0035,1.0037,1096
0.35,1.0021,1.0022,1.0023,1568
0.45,1.0004,1.0005,1.0005,2008
0.55,0.9985,0.9985,0.9984,2440
0.65,0.9964,0.9963,0.9961,2912
0.75,0.9942,0.9939,0.9936,3328
0.85,0.9918,0.9913,0.9910,3784
0.95,0.9892,0.9887,0.9883,4224
1.05,0.9865,0.9859,0.9855,4676
1.15,0.9838,0.9831,0.9826,5120
1.25,0.9809,0.9802,0.9796,5544
1.35,0.9780,0.9773,0.9766,6040
1.45,0.9751,0.9744,0.9737,6440
1.55,0.9722,0.9714,0.9706,6920
1.65,0.9693,0.9685,0.9676,7352
1.75,0.9664,0.9655,0.9646,7776
1.85,0.9635,0.9626,0.9616,8248
1.95,0.9606,0.9596,0.9586,8656
2.05,0.9576,0.9566,0.9556,9128
2.15,0.9546,0.9536,0.9525,9568
2.25,0.9515,0.9506,0.9494,10048
2.35,0.9484,0.9475,0.9463,10440
2.45,0.9452,0.9444,0.9432,10888
2.55,0.9420,0.9413,0.9400,11360
2.65,0.9389,0.9382,0.9369,11792
2.75,0.9358,0.9351,0.9337,12304
2.85,0.9327,0.9319,0.9305,12664
2.95,0.9296,0.9288,0.9273,13128
3.05,0.9265,0.9257,0.9242,13576
3.15,0.9234,0.9226,0.9210,13980
3.25,0.9204,0.9195,0.9178,14512
3.35,0.9173,0.9164,0.9147,14912
3.45,0.9142,0.9133,0.9115,15376
3.55,0.9111,0.9102,0.9084,15792
3.65,0.9079,0.9071,0.9053,16176
3.75,0.9048,0.9040,0.9022,16784
3.85,0.9017,0.9009,0.8990,17128
3.95,0.8985,0.8977,0.8959,17592
4.05,0.8954,0.8946,0.8927,18000
4.15,0.8923,0.8915,0.8896,18432
4.25,0.8891,0.8883,0.8864,18960
4.35,0.8860,0.8852,0.8832,19344
4.45,0.8828,0.8820,0.8801,19872
4.55,0.8796,0.8789,0.8769,20224
4.65,0.8764,0.8757,0.8737,20704
4.75,0.8732,0.8725,0.8705,21144
4.85,0.8700,0.8693,0.8674,21560
4.95,0.8668,0.8661,0.8642,22072
5.05,0.8636,0.8630,0.8610,22496
5.15,0.8604,0.8598,0.8578,22952
5.25,0.8572,0.8566,0.8546,23308
5.35,0.8540,0.8534,0.8514,23832
5.45,0.8509,0.8502,0.8482,24296
5.55,0.8477,0.8470,0.8449,24648
5.65,0.8444,0.8438,0.8417,25240
5.75,0.8412,0.8406,0.8385,25544
5.85,0.8380,0.8374,0.8353,26088
5.95,0.8347,0.8342,0.8321,26496
6.05,0.8315,0.8310,0.8289,26856
6.15,0.8283,0.8278,0.8257,27448
6.25,0.8250,0.8246,0.8225,27704
6.35,0.8217,0.8214,0.8193,28368
6.45,0.8185,0.8182,0.8161,28680
6.55,0.8152,0.8149,0.8129,29152
6.65,0.8119,0.8117,0.8098,29680
6.75,0.8087,0.8085,0.8066,29992
6.85,0.8054,0.8053,0.8033,30576
6.95,0.8022,0.8021,0.8001,30856
7.05,0.7989,0.7989,0.7969,31408
7.15,0.7956,0.7957,0.7937,31848
7.25,0.7924,0.7924,0.7905,32176
7.35,0.7891,0.7892,0.7873,32804
7.45,0.7858,0.7860,0.7840,33152
7.55,0.7825,0.7828,0.7808,33568
7.65,0.7792,0.7795,0.7776,34096
7.75,0.7759,0.7763,0.7744,34528
7.85,0.7726,0.7731,0.7712,34984
7.95,0.7694,0.7698,0.7680,35328
8.05,0.7661,0.7666,0.7647,35912
8.15,0.7628,0.7634,0.7615,36224
8.25,0.7595,0.7601,0.7583,36760
8.35,0.7562,0.7569,0.7551,37080
8.45,0.7529,0.7537,0.7518,37592
8.55,0.7496,0.7504,0.7486,38192
8.65,0.7463,0.7472,0.7454,38424
8.75,0.7430,0.7439,0.7421,39056
8.85,0.7397,0.7407,0.7389,39376
8.95,0.7364,0.7374,0.7357,39832
9.05,0.7331,0.7341,0.7324,40376
9.15,0.7298,0.7309,0.7292,40584
9.25,0.7265,0.7276,0.7259,41232
9.35,0.7232,0.7244,0.7227,41556
9.45,0.7199,0.7211,0.7195,42096
9.55,0.7165,0.7178,0.7162,42608
9.65,0.7132,0.7146,0.7130,42816
9.75,0.7099,0.7113,0.7098,43512
9.85,0.7066,0.7081,0.7065,43840
9.95,0.7033,0.7048,0.7033,44384
10.05,0.7000,0.7015,0.7000,44672
10.15,0.6966,0.6983,0.6968,45264
10.25,0.6933,0.6950,0.6935,45632
10.35,0.6900,0.6918,0.6903,45856
10.45,0.6867,0.6885,0.6870,46632
10.55,0.6834,0.6853,0.6838,46992
10.65,0.6801,0.6821,0.6806,47408
10.75,0.6767,0.6788,0.6773,47880
10.85,0.6734,0.6756,0.6741,48304
10.95,0.6700,0.6724,0.6709,48736
11.05,0.6667,0.6691,0.6677,49176
11.15,0.6633,0.6659,0.6645,49744
11.25,0.6600,0.6627,0.6613,49976
11.35,0.6567,0.6594,0.6581,50616
11.45,0.6534,0.6562,0.6549,50852
11.55,0.6501,0.6530,0.6517,51376
11.65,0.6468,0.6498,0.6485,52000
11.75,0.6435,0.6466,0.6454,52192
11.85,0.6403,0.6435,0.6423,52872
11.95,0.6371,0.6404,0.6391,52220
12.05,0.6336,0.6370,0.6357,49180
12.15,0.6302,0.6338,0.6325,47980
12.25,0.6269,0.6305,0.6292,46820
12.35,0.6236,0.6273,0.6260,46116
12.45,0.6202,0.6241,0.6227,45412
12.55,0.6169,0.6209,0.6195,44776
12.65,0.6136,0.6177,0.6163,44356
12.75,0.6102,0.6144,0.6130,43864
12.85,0.6069,0.6112,0.6098,43556
12.95,0.6035,0.6079,0.6065,43152
13.05,0.6001,0.6047,0.6033,42844
13.15,0.5968,0.6015,0.6000,42500
13.25,0.5935,0.5982,0.5968,42204
13.35,0.5902,0.5950,0.5936,41988
13.45,0.5868,0.5918,0.5904,41668
13.55,0.5836,0.5886,0.5872,41504
13.65,0.5803,0.5854,0.5839,41288
13.75,0.5770,0.5822,0.5807,41000
13.85,0.5738,0.5790,0.5775,40892
13.95,0.5705,0.5758,0.5743,40644
14.05,0.5672,0.5726,0.5711,40572
14.15,0.5640,0.5694,0.5679,40304
14.25,0.5607,0.5662,0.5647,40216
14.35,0.5575,0.5629,0.5615,39996
14.45,0.5542,0.5597,0.5583,39892
14.55,0.5509,0.5565,0.5551,39728
14.65,0.5476,0.5533,0.5519,39564
14.75,0.5443,0.5501,0.5487,39588
14.85,0.5411,0.5469,0.5455,39324
14.95,0.5378,0.5437,0.5423,39260
15.05,0.5345,0.5405,0.5391,39136
15.15,0.5312,0.5373,0.5359,39004
15.25,0.5279,0.5341,0.5327,38988
15.35,0.5246,0.5309,0.5295,38788
15.45,0.5213,0.5277,0.5263,38704
15.55,0.5181,0.5245,0.5231,38608
15.65,0.5148,0.5213,0.5200,38556
15.75,0.5115,0.5181,0.5168,38460
15.85,0.5082,0.5149,0.5136,38356
15.95,0.5050,0.5117,0.5104,38328
16.05,0.5017,0.5085,0.5072,38180
16.15,0.4984,0.5053,0.5040,38180
16.25,0.4952,0.5021,0.5009,38084
16.35,0.4919,0.4989,0.4977,37940
16.45,0.4886,0.4958,0.4945,37920
16.55,0.4854,0.4926,0.4914,37788
16.65,0.4821,0.4894,0.4882,37796
16.75,0.4788,0.4862,0.4850,37704
16.85,0.4755,0.4830,0.4819,37704
16.95,0.4722,0.4799,0.4787,37612
17.05,0.4689,0.4767,0.4755,37528
17.15,0.4656,0.4735,0.4724,37464
17.25,0.4623,0.4703,0.4692,37368
17.35,0.4591,0.4671,0.4660,37436
17.45,0.4558,0.4640,0.4629,37328
17.55,0.4526,0.4608,0.4598,37176
17.65,0.4494,0.4577,0.4567,37276
17.75,0.4462,0.4547,0.4537,37136
17.85,0.4432,0.4518,0.4508,37028
17.95,0.4401,0.4487,0.4476,33104
18.05,0.4370,0.4455,0.4444,30248
18.15,0.4339,0.4423,0.4412,28304
18.25,0.4308,0.4392,0.4381,26648
18.35,0.4277,0.4361,0.4350,25248
18.45,0.4245,0.4330,0.4319,23972
18.55,0.4214,0.4299,0.4288,22764
18.65,0.4182,0.4268,0.4258,21620
18.75,0.4151,0.4238,0.4227,20580
18.85,0.4119,0.4207,0.4197,19548
18.95,0.4088,0.4177,0.4166,18628
19.05,0.4055,0.4147,0.4136,17716
19.15,0.4023,0.4116,0.4105,16792
19.25,0.3992,0.4086,0.4074,15904
19.35,0.3961,0.4056,0.4044,15064
19.45,0.3930,0.4025,0.4013,14256
19.55,0.3899,0.3994,0.3983,13472
19.65,0.3868,0.3964,0.3953,12684
19.75,0.3837,0.3933,0.3922,11900
19.85,0.3805,0.3903,0.3892,11148
19.95,0.3774,0.3872,0.3862,10392
20.05,0.3743,0.3842,0.3832,9680
20.15,0.3712,0.3812,0.3802,8968
20.25,0.3681,0.3782,0.3772,8248
20.35,0.3651,0.3752,0.3742,7548
20.45,0.3620,0.3723,0.3713,6876
20.55,0.3591,0.3693,0.3683,6192
20.65,0.3561,0.3664,0.3654,5516
20.75,0.3531,0.3635,0.3625,4884
20.85,0.3501,0.3606,0.3596,4196
20.95,0.3472,0.3579,0.3568,3544
21.05,0.3442,0.3551,0.3541,2932
21.15,0.3415,0.3525,0.3516,2272
21.25,0.3390,0.3501,0.3494,1636
21.35,0.3368,0.3481,0.3476,1044
21.45,0.3349,0.3465,0.3464,400
