id,classe,x_px,y_px,r_sol_px,r_sol_Rlluna,r_sol_deg,flux_G_ADUs,SNR_pila,n_fotogrames_3s,n_10.3s,flux_R_ADUs,SNR_R,flux_B_ADUs,SNR_B,traç_arcsec,FWHM_arcsec,V_aprox_INFERIT
0,A,6548.42,1622.32,3040,6.74,1.822,1819.2,121.3,8,3,343.5,49.2,161.9,17.3,6.17, 5.83,6.8
1,A,1131.67,297.92,3139,6.96,1.882,2005.6,132.9,8,3,310.3,45.7,200.3,20.0,4.65, 7.62,6.7
2,A,5882.13,4183.28,2998,6.65,1.797,969.4,64.2,8,3,167.1,22.0,118.7,12.9,6.47, 6.19,7.5
3,A,6451.89,1157.51,3081,6.83,1.847,457.0,30.7,7,3,102.4,14.0,25.9,2.7,5.64, 5.37,8.3
4,A,4021.30,391.57,1926,4.27,1.155,588.5,34.8,8,3,113.0,13.1,33.0,3.4,4.82, 6.02,8.0
5,A,82.26,3243.41,3629,8.05,2.175,622.5,47.1,8,3,128.9,20.9,32.6,4.4,6.36, 9.51,8.0
6,A,3091.35,3333.33,1173,2.60,0.703,700.9,35.5,8,3,174.0,12.9,61.6,5.4,5.31, 6.48,7.8
7,A,6081.56,3299.91,2709,6.01,1.624,424.7,27.6,8,3,34.4,4.4,21.2,2.3,5.51, 6.42,8.4
8,A,1110.18,2856.00,2537,5.62,1.520,349.3,24.9,8,3,73.9,9.9,-2.0,-0.3,9.25, 7.43,8.6
9,A,877.81,824.53,3060,6.79,1.834,463.4,31.4,8,3,51.1,6.4,44.4,4.9,8.04, 8.20,8.3
10,A,78.72,4618.60,4216,9.35,2.527,516.1,35.3,8,3,93.0,12.7,29.2,3.6,8.63, 9.63,8.2
11,B,6542.75,456.87,3474,7.70,2.082,185.6,12.1,5,2,21.2,2.6,10.8,1.2,, 5.41,9.3
12,A,881.32,652.08,3142,6.97,1.883,253.8,17.6,8,3,25.3,3.8,9.3,1.0,, 9.58,8.9
13,A,6431.19,609.95,3300,7.32,1.978,275.4,17.6,7,3,27.4,3.5,29.1,3.3,8.62, 4.90,8.9
14,A,2103.10,3534.87,1945,4.31,1.166,274.1,18.2,6,3,45.8,5.3,44.3,4.5,4.80, 6.14,8.9
15,A,1114.38,3249.22,2652,5.88,1.590,299.1,22.1,6,3,64.6,8.2,23.1,2.7,8.10, 8.98,8.8
16,A,5259.15,484.20,2450,5.43,1.469,180.6,11.2,4,3,39.4,5.2,19.6,2.1,7.62, 4.89,9.3
17,A,277.29,4323.58,3889,8.62,2.331,289.6,20.8,8,3,70.7,9.9,20.2,2.6,4.70, 7.39,8.8
18,A,413.76,3482.35,3389,7.51,2.032,254.7,18.6,7,3,32.7,5.2,31.1,3.1,, 9.06,8.9
19,A,503.06,4381.57,3732,8.27,2.237,196.2,13.7,7,3,53.5,7.5,10.3,1.2,9.91, 7.24,9.2
20,A,6297.69,2314.85,2721,6.03,1.631,125.7,8.2,4,3,30.8,4.2,19.4,2.2,7.66, 5.31,9.7
21,A,3385.56,3198.57,952,2.11,0.571,411.0,12.3,6,3,88.2,3.4,35.5,2.7,7.02, 6.22,8.4
22,REBUTJADA (a 13 px de la vora; no mesurable),6945.03,4041.99,3807,8.44,2.282,nan,nan,0,0,nan,nan,nan,nan,9.74, 7.12,
23,REBUTJADA,2107.15,1998.20,1494,3.31,0.896,52.4,3.2,2,0,-2.0,-0.2,6.4,0.6,43.74, 5.65,10.7
24,B,584.84,2946.24,3069,6.80,1.839,162.3,12.3,6,2,13.7,1.8,28.1,3.1,41.82, 6.21,9.4
25,REBUTJADA,639.96,211.28,3585,7.95,2.149,86.2,6.2,2,1,3.6,0.5,6.8,0.8,44.36, 4.85,10.1
26,B,2360.81,1692.45,1345,2.98,0.806,127.4,6.8,5,2,26.1,2.0,14.4,1.3,26.63, 6.40,9.7
27,REBUTJADA,1671.40,922.44,2332,5.17,1.398,48.2,3.1,2,1,0.3,0.0,21.4,2.0,38.14, 5.15,10.7
28,REBUTJADA,873.72,3789.17,3103,6.88,1.860,71.7,5.2,2,0,7.0,1.0,8.5,1.0,41.63, 6.69,10.3
29,REBUTJADA,173.14,3573.42,3646,8.09,2.186,51.9,4.0,2,1,2.0,0.3,-5.0,-0.6,38.37, 11.89,10.7
30,REBUTJADA,95.52,1342.35,3602,7.99,2.159,38.6,2.9,0,0,3.7,0.6,11.4,1.3,, 17.47,11.0
31,REBUTJADA,5042.98,116.07,2602,5.77,1.560,74.9,4.6,1,0,17.8,2.3,13.4,1.3,25.58, 9.23,10.3
