det,x,y,HIP,TYC,HD,V,BV,Sp,sep_deg,resid,dx,dy,flux,snr,flux_tot,minst,alt,X,resid_zp,usat,ok_final,resid_final,Vobs,dV
V00,6548.42,1622.32,46232.0,1403-1650-1,81361.0,6.31,0.968,G9III:,1.8195125152142404,0.3872531901931473,-0.0533681427623378,0.3835581763603386,1819.2,121.3,1787.5722309965013,-8.130658998755404,9.80385275238926,5.689759815326688,0.1376170870545685,True,True,0.1376170870545703,6.172382912945428,-0.1376170870545712
V01,1131.67,297.92,47096.0,827-1691-1,83023.0,6.32,0.027,A1V,1.874213041023846,0.1577239716930383,-0.1557842627921672,-0.0246599820139294,2005.6,132.9,2012.031246077432,-8.259086802159576,10.208443788266658,5.4798291349372965,-0.015832793711322,True,True,-0.0158327937113185,6.335832793711321,0.015832793711320292
V02,5882.13,4183.28,45874.0,1402-1845-1,80613.0,6.57,-0.003,A1V,1.7962878274614071,0.0874966903991538,-0.0674980201374637,-0.0556748426879494,969.4,64.2,962.2260759853992,-7.458192804881133,8.24119144564201,6.674193993601947,0.2927890005361302,False,False,0.2927890005361355,6.277210999463866,-0.29278900053613466
V06,3091.35,3333.33,46345.0,826-899-1,81595.0,6.83,1.387,K2,0.7035537884807962,0.3401417092944542,-0.1434655191101228,0.3084056212655923,700.9,35.5,559.7294442745022,-6.86994538335399,8.551677210087409,6.4529499269292785,0.011325929389331,True,True,0.0113259293893346,6.8186740706106646,-0.01132592938933552
V05,82.26,3243.41,46713.0,826-404-1,82265.0,6.92,1.055,K0,2.163992695134907,0.5326126246747076,0.213187326443645,-0.4880854144580553,622.5,47.1,510.1895316978732,-6.769328858281007,8.388836141177876,6.56716980426303,0.0339331650866725,True,True,0.0339331650866778,6.886066834913322,-0.033933165086677874
V04,4021.3,391.57,46745.0,1403-1050-1,82332.0,7.66,1.154,K0,1.159908126417445,0.3169805755143552,-0.2377185143627684,0.2096821241369184,588.5,34.8,527.2947344203765,-6.805133586191392,10.360020079723691,5.405073744809243,-0.0161682970462386,True,True,-0.0161682970462351,7.676168297046236,0.016168297046236013
V08,1110.18,2856.0,46650.0,826-668-1,82176.0,7.67,1.052,K0,1.5118830894878152,0.47182487545746,-0.0700733310866326,0.4665923717452642,349.3,24.9,267.43870338530724,-6.06806064503319,8.693151514645834,6.356823773595473,-0.0699415600172432,True,True,-0.0699415600172397,7.739941560017239,0.06994156001723884
V19,503.06,4381.57,46453.0,826-1060-1,81856.0,7.69,0.669,G0,2.2314997491379205,0.2305100221421742,-0.014156998622127,0.2300748784591633,196.2,13.7,183.76049018868417,-5.66063035171738,7.7480957850491805,7.057593361901507,-0.0074383866927512,True,True,-0.0074383866927476,7.697438386692749,0.007438386692748544
V17,277.29,4323.58,46486.0,826-1078-1,81900.0,7.72,1.316,G5,2.3242961806058657,0.1131615906086171,-0.0851288521134279,-0.0745561810108483,289.6,20.8,225.04159172540383,-5.880656977362232,7.76485804397741,7.043859363075107,0.3289250265468961,False,False,0.3289250265468997,7.391074973453098,-0.3289250265469015
V07,6081.56,3299.91,45989.0,1402-1334-1,80889.0,7.75,0.165,A2,1.6214016058159388,0.2580259836107925,-0.0552823307325525,-0.2520342677635199,424.7,27.6,324.89665654096905,-6.279363105283979,8.777764964910517,6.300659771192253,0.0487500026471838,True,True,0.0487500026471856,7.701249997352813,-0.04875000264718743
V21,3385.56,3198.57,46335.0,826-79-1,81581.0,7.77,0.308,A3,0.5717160049186115,0.6492405431268794,-0.343255960487113,0.5510795118943861,411.0,12.3,443.841428542712,-6.61806959302616,8.652392585332333,6.38422941747579,0.4891870821823332,False,False,0.4891870821823367,7.280812917817661,-0.48918708218233853
V14,2103.1,3534.87,46415.0,826-682-1,81762.0,7.79,0.834,G5,1.1638785081386531,0.5302604497650586,-0.0754759769329211,-0.5248614307520256,274.1,18.2,202.33404045084856,-5.765172385329247,8.361982685391565,6.586385418208376,-0.1192072632155536,True,True,-0.1192072632155465,7.909207263215547,0.11920726321554653
V09,877.81,824.53,47035.0,827-1225-1,82906.0,7.89,-0.098,B9,1.8249218360569184,0.2380207871689292,0.0401771868105242,0.2346053895043951,463.4,31.4,449.2258696842464,-6.631161895340494,9.878410324980544,5.649888360033463,0.0306601183888535,True,True,0.030660118388857,7.859339881611144,-0.030660118388855295
V03,6451.89,1157.51,46311.0,1403-701-1,81540.0,7.97,1.621,M...,1.8450583003682672,0.3115413886045105,0.2904982497584569,0.1125557803975425,457.0,30.7,516.6002942158667,-6.782886622945409,10.072047372786152,5.5488688702689934,0.4450914838713355,False,False,0.4450914838713373,7.524908516128661,-0.4450914838713391
V15,1114.38,3249.22,46576.0,826-868-1,82053.0,8.03,1.093,K0,1.582559999191537,0.5763179347981937,0.1096580210974025,-0.5657892543863454,299.1,22.1,301.3255114149344,-6.197589755815508,8.460070599625592,6.5167225329296965,0.5413558010304822,False,False,0.5413558010304858,7.488644198969515,-0.541355801030484
V18,413.76,3482.35,,826-1182-1,,8.14725,0.5737499999999991,,2.022526407107246,0.5092662591912152,0.4600353999687741,0.2184480568148501,254.7,18.6,168.4515533377255,-5.566187550208733,8.272640106655931,6.651113543483119,0.0471565046935307,True,True,0.0471565046935342,8.100093495306467,-0.0471565046935325
V12,881.32,652.08,,827-1106-1,,8.289909999999999,0.9358500000000008,,1.87416250612009,0.0948249989814307,-0.0934032828528188,-0.0163587036205399,253.8,17.6,288.01342546283985,-6.148531831104087,9.98048344075305,5.5961887142423565,0.0629286272684854,True,True,0.062928627268489,8.22698137273151,-0.06292862726848902
V11,6542.75,456.87,,1403-772-1,,8.850299999999999,0.4505000000000009,,2.0812495720709747,0.3414949040123782,0.3210390282765729,-0.116416114819458,185.6,12.1,182.5620448642651,-5.653526229006188,10.492957042193398,5.341154865050581,-0.1283920175352477,True,True,-0.1283920175352442,8.978692017535243,0.1283920175352442
V13,6431.19,609.95,,1403-149-1,,8.937370000000001,0.4309499999999997,,1.977044641018996,0.5527425894896605,0.2127606089798064,-0.5101541860087764,275.4,17.6,360.1205778520895,-6.391119845862775,10.394587745420026,5.3883074705429,0.727471870878416,False,False,0.7274718708784214,8.20989812912158,-0.7274718708784214
V20,6297.69,2314.85,,1402-828-1,,9.16085,1.4747499999999996,,1.627901912984303,0.1785413652929302,-0.0433200318329909,0.1732062180253706,125.7,8.2,139.37200374070238,-5.360438859763251,9.376135824027369,5.929654654872102,0.467184990086178,False,False,0.4671849900861815,8.693665009913818,-0.46718499008618153
V16,5259.15,484.2,46561.0,1403-185-1,,9.18,1.352,K5,1.47242409108126,0.3291154094023842,-0.2410374939581743,-0.2240934608873317,180.6,11.2,127.88768245799056,-5.267071793211225,10.390285135186794,5.390388737475371,-0.0153911163103259,True,True,-0.0153911163103224,9.195391116310322,0.015391116310322417
