det,x,y,HIP,TYC,HD,V,BV,Sp,sep_deg,resid,dx,dy,flux,snr
V00,6548.42,1622.32,46232.0,1403-1650-1,81361.0,6.31,0.968,G9III:,1.8195125152142404,0.3872531901931473,-0.05336814276233781,0.3835581763603386,1819.2,121.3
V01,1131.67,297.92,47096.0,827-1691-1,83023.0,6.32,0.027,A1V,1.874213041023846,0.15772397169303834,-0.15578426279216728,-0.024659982013929493,2005.6,132.9
V02,5882.13,4183.28,45874.0,1402-1845-1,80613.0,6.57,-0.003,A1V,1.7962878274614071,0.08749669039915382,-0.06749802013746375,-0.05567484268794942,969.4,64.2
V06,3091.35,3333.33,46345.0,826-899-1,81595.0,6.83,1.387,K2,0.7035537884807962,0.34014170929445425,-0.14346551911012284,0.30840562126559234,700.9,35.5
V10,78.72,4618.6,46464.0,823-557-1,81872.0,6.88,1.04,G5,2.5204871091659906,0.04765636104465309,0.03177839634710722,-0.035514254513145715,516.1,35.3
V05,82.26,3243.41,46713.0,826-404-1,82265.0,6.92,1.055,K0,2.163992695134907,0.5326126246747076,0.21318732644364502,-0.4880854144580553,622.5,47.1
V04,4021.3,391.57,46745.0,1403-1050-1,82332.0,7.66,1.154,K0,1.159908126417445,0.3169805755143552,-0.23771851436276847,0.20968212413691845,588.5,34.8
V08,1110.18,2856.0,46650.0,826-668-1,82176.0,7.67,1.052,K0,1.5118830894878152,0.47182487545746005,-0.0700733310866326,0.46659237174526424,349.3,24.9
V19,503.06,4381.57,46453.0,826-1060-1,81856.0,7.69,0.669,G0,2.2314997491379205,0.23051002214217428,-0.014156998622127048,0.2300748784591633,196.2,13.7
V17,277.29,4323.58,46486.0,826-1078-1,81900.0,7.72,1.316,G5,2.3242961806058657,0.11316159060861715,-0.08512885211342791,-0.07455618101084838,289.6,20.8
V07,6081.56,3299.91,45989.0,1402-1334-1,80889.0,7.75,0.165,A2,1.6214016058159388,0.2580259836107925,-0.05528233073255251,-0.2520342677635199,424.7,27.6
V21,3385.56,3198.57,46335.0,826-79-1,81581.0,7.77,0.308,A3,0.5717160049186115,0.6492405431268794,-0.34325596048711304,0.5510795118943861,411.0,12.3
V14,2103.1,3534.87,46415.0,826-682-1,81762.0,7.79,0.834,G5,1.1638785081386531,0.5302604497650586,-0.07547597693292118,-0.5248614307520256,274.1,18.2
V09,877.81,824.53,47035.0,827-1225-1,82906.0,7.89,-0.098,B9,1.8249218360569184,0.23802078716892927,0.04017718681052429,0.23460538950439513,463.4,31.4
V03,6451.89,1157.51,46311.0,1403-701-1,81540.0,7.97,1.621,M...,1.8450583003682672,0.3115413886045105,0.29049824975845695,0.11255578039754255,457.0,30.7
V15,1114.38,3249.22,46576.0,826-868-1,82053.0,8.03,1.093,K0,1.582559999191537,0.5763179347981937,0.10965802109740252,-0.5657892543863454,299.1,22.1
V18,413.76,3482.35,,826-1182-1,,8.14725,0.5737499999999991,,2.022526407107246,0.5092662591912152,0.4600353999687741,0.21844805681485013,254.7,18.6
V12,881.32,652.08,,827-1106-1,,8.289909999999999,0.9358500000000008,,1.87416250612009,0.09482499898143078,-0.09340328285281885,-0.016358703620539927,253.8,17.6
V11,6542.75,456.87,,1403-772-1,,8.850299999999999,0.4505000000000009,,2.0812495720709747,0.34149490401237825,0.32103902827657294,-0.11641611481945802,185.6,12.1
V13,6431.19,609.95,,1403-149-1,,8.937370000000001,0.4309499999999997,,1.977044641018996,0.5527425894896605,0.21276060897980642,-0.5101541860087764,275.4,17.6
V20,6297.69,2314.85,,1402-828-1,,9.16085,1.4747499999999996,,1.627901912984303,0.17854136529293027,-0.043320031832990935,0.17320621802537062,125.7,8.2
V16,5259.15,484.2,46561.0,1403-185-1,,9.18,1.352,K5,1.47242409108126,0.32911540940238426,-0.2410374939581743,-0.22409346088733173,180.6,11.2
