det,HIP,TYC,HD,Sp,V,BV,R_Rsol,resid,flux_tot,snr,Vobs,dV
S01,47189.0,1410-784-1,83189.0,K1III,5.73,1.223,9.729739355092144,0.334777860660651,4146.062832059773,106.4,5.733777420012564,0.0037774200125637
S03,46232.0,1403-1650-1,81361.0,G9III:,6.31,0.968,6.898934552528537,0.558211056090025,1773.8577589296524,45.4,6.259701158383496,-0.0502988416165033
S02,47096.0,827-1691-1,83023.0,A1V,6.32,0.027,7.099996014196863,0.204108721907609,1811.508582619554,44.7,6.25384725603216,-0.0661527439678399
S04,47266.0,827-839-1,83343.0,F2,6.63,0.438,9.03367566231932,0.6435804860106459,1351.664945881455,34.9,6.677617658725925,0.0476176587259251
S07,47291.0,827-596-1,83362.0,G8III,6.74,0.912,12.280643848780587,1.794310635233346,868.6683343811623,25.2,6.973444997676935,0.2334449976769343
S08,47022.0,827-1317-1,82865.0,B9,6.81,-0.023,10.48593053407463,0.9904797520809608,704.7514905429952,22.9,6.965313461459325,0.1553134614593254
S05,46345.0,826-899-1,81595.0,K2,6.83,1.387,2.6466287628858223,0.538814095658293,1067.2496322265172,18.4,6.520144696242879,-0.3098553037571214
S11,46713.0,826-404-1,82265.0,K0,6.92,1.055,8.21059808221084,0.1814889689938105,641.550165577384,18.0,6.998967661326645,0.0789676613266454
S09,46149.0,1405-1111-1,81193.0,K2,7.13,1.508,11.203575244683877,0.8019510813143385,784.989204615097,20.3,7.313038510369622,0.1830385103696219
S13,46137.0,1405-1091-1,81163.0,G0III,7.18,0.749,12.834896132092059,0.6378311576002398,572.179081843342,16.1,7.648859125033136,0.468859125033136
S06,46545.0,1406-756-1,81977.0,K0,7.26,1.489,10.462573891902837,0.8045562265391553,865.1012230799215,25.2,7.362728295700856,0.1027282957008557
S10,46745.0,1403-1050-1,82332.0,K0,7.66,1.154,4.363112750126042,0.5785619420604814,621.8760895539108,14.8,7.532030685943426,-0.1279693140565738
S23,46650.0,826-668-1,82176.0,K0,7.67,1.052,5.730725279893682,0.1620161176486771,401.8281600675336,8.0,7.595845697378096,-0.0741543026219035
S29,46453.0,826-1060-1,81856.0,G0,7.69,0.669,8.444606924826585,0.3792197442455318,258.51266238322825,6.7,7.748659361572009,0.0586593615720083
S26,45992.0,1405-418-1,80888.0,K0,7.69,1.346,13.33875316055022,0.980553042468748,296.6510866047649,8.4,8.345221527753067,0.6552215277530662
S34,46486.0,826-1078-1,81900.0,G5,7.72,1.316,8.800391028887365,0.5511232042135747,126.38867888976054,5.5,8.580578365575054,0.8605783655750541
S20,45989.0,1402-1334-1,80889.0,A2,7.75,0.165,6.146850383414286,0.6962304724115091,350.9172521843314,8.6,7.699569249138576,-0.0504307508614241
S21,46335.0,826-79-1,81581.0,A3,7.77,0.308,2.1517137094314185,1.0623163513271756,116.32258971375671,5.9,8.873756300285285,1.1037563002852853
S12,47196.0,1410-195-1,83190.0,F8,7.84,0.528,9.338296064804318,0.243410110519404,491.7069917582431,15.3,7.97555105122776,0.1355510512277602
S15,47035.0,827-1225-1,82906.0,B9,7.89,-0.098,6.919998899257922,0.0404944952071084,423.77352964949665,10.7,7.749744735169492,-0.1402552648305075
S14,47262.0,1410-19-1,83327.0,G5,7.91,0.976,11.333853790411679,0.6403317321666384,512.8918076038169,13.2,8.050728028713284,0.1407280287132835
S18,46311.0,1403-701-1,81540.0,M...,7.97,1.621,6.989521426338769,0.3809731306507922,359.4986884341352,9.5,8.10190957760959,0.1319095776095897
S31,46576.0,826-868-1,82053.0,K0,8.03,1.093,5.992581512603424,0.7043742645082197,98.83164331500916,5.7,9.054111992998653,1.0241119929986535
S16,47211.0,1410-284-1,83225.0,F2,8.04,0.42,8.17112244786596,0.3239637262622232,472.57502423847154,11.0,7.904910217764155,-0.1350897822358439
S19,46349.0,1406-1315-1,81580.0,G5,8.26,0.919,11.98223443196271,1.1491012325456529,332.8299032763402,10.1,8.320234518787764,0.0602345187877642
S27,,827-1106-1,,,8.289909999999999,0.9358500000000008,7.1041342224745305,0.40764667428456,364.7393632195962,6.1,8.01389226545242,-0.2760177345475796
S17,,1403-781-1,,,8.348460000000001,0.9400999999999998,8.387530494753467,1.0544317988861514,357.3897200930209,10.0,8.199773281050891,-0.1486867189491096
S25,46900.0,1406-1045-1,82604.0,F2,8.48,0.401,13.623161633514478,0.8695613564566238,320.04473480379625,8.2,8.539315333014176,0.059315333014176
S22,47138.0,1410-216-1,83070.0,K0,8.52,1.022,11.349422140629022,0.317757851604268,369.7122953714577,9.2,8.403969225627902,-0.1160307743720974
S32,47233.0,1410-770-1,83289.0,F8,8.65,0.45,8.648049247717973,0.1775319189707102,219.19256912821913,5.6,8.777142847305777,0.1271428473057767
S38,,827-1126-1,,,8.69975,0.4462500000000003,8.465319144295501,0.6806917727320271,136.01440064436926,4.1,8.884495679410986,0.1847456794109856
S24,,827-1624-1,,,8.75128,0.6018000000000001,7.216623593500047,0.3302057420007911,330.9224743810557,6.7,8.185582416641827,-0.5656975833581726
S35,,827-1529-1,,,8.7748,0.5779999999999997,6.48354638108291,0.7188328583195689,140.74444675101694,4.4,9.117361049696068,0.3425610496960658
S30,46999.0,1403-1015-2,82793.0,G,8.9,0.0,8.15323900456553,0.1605093106839079,259.0251219346871,5.6,8.583318948689316,-0.3166810513106846
S36,46969.0,827-1638-1,,F2,9.06,0.486,5.560442688939972,0.3116437374996999,267.7599746138545,3.9,8.33634209421705,-0.7236579057829502
S37,,1406-728-1,,,9.06387,0.7284499999999994,11.370045341463765,0.5210392119543381,177.7661018762029,4.7,9.082251377599285,0.0183813775992831
S33,46866.0,1403-916-1,,K2,9.16,1.447,7.276911842883411,0.2963684155192289,203.08758845921204,5.4,8.907505752918535,-0.252494247081465
S28,46561.0,1403-185-1,,K5,9.18,1.352,5.556506981867301,0.0647305429949003,234.20627918883437,5.4,8.613596145190376,-0.5664038548096233
