det,x,y,HIP,TYC,HD,V,BV,Sp,sep_deg,dx,dy,resid,flux,snr
V00,6548.42,1622.32,46232.0,1403-1650-1,81361.0,6.31,0.968,G9III:,1.8195125152140408,1.8977799331551068,-0.877784714737345,2.0909506641986377,1819.2,121.3
V03,6451.89,1157.51,46311.0,1403-701-1,81540.0,7.97,1.621,M...,1.8450583003684649,-0.02970091353108728,1.1161005034396112,1.116495623835013,457.0,30.7
V06,3091.35,3333.33,46345.0,826-899-1,81595.0,6.83,1.387,K2,0.7035537884807962,2.0804234571733105,-1.737927748693437,2.7108217611705103,700.9,35.5
V10,78.72,4618.6,46464.0,823-557-1,81872.0,6.88,1.04,G5,2.5204871091661354,-0.319990201505135,-2.4197329487960815,2.440799310174574,516.1,35.3
V11,6542.75,456.87,,1403-772-1,,8.850299999999999,0.4505000000000009,,2.0812495720709747,-2.4024022937519476,2.935965552425273,3.79360389419513,185.6,12.1
V13,6431.19,609.95,,1403-149-1,,8.937370000000001,0.4309499999999997,,1.977044641018627,-2.3328870476680095,2.50601753640467,3.423811599656864,275.4,17.6
V14,2103.1,3534.87,46415.0,826-682-1,81762.0,7.79,0.834,G5,1.1638785081389662,1.2299897216448699,-1.4058830527446844,1.8679887240951798,274.1,18.2
V15,1114.38,3249.22,46576.0,826-868-1,82053.0,8.03,1.093,K0,1.582559999191767,-2.316264837025301,3.290602907864468,4.024071357777585,299.1,22.1
V17,277.29,4323.58,46486.0,826-1078-1,81900.0,7.72,1.316,G5,2.3242961806060225,-0.7976121774740363,-1.0589701702438106,1.3257462076585695,289.6,20.8
V18,413.76,3482.35,,826-1182-1,,8.14725,0.5737499999999991,,2.0225264071074265,-3.286838529068291,4.589805344136948,5.64531846871688,254.7,18.6
V19,503.06,4381.57,46453.0,826-1060-1,81856.0,7.69,0.669,G0,2.2314997491379205,0.4073420579407525,-1.930762266880265,1.9732639163011183,196.2,13.7
V20,6297.69,2314.85,,1402-828-1,,9.16085,1.4747499999999996,,1.6279019129840793,4.128044465697712,-3.7039224215282047,5.546151135289849,125.7,8.2
V21,3385.56,3198.57,46335.0,826-79-1,81581.0,7.77,0.308,A3,0.5717160049186115,1.7421163625526788,-1.3035085195615466,2.1757995958367378,411.0,12.3
