a,b,dV_cat,dV_obs,error
S03,S02,-0.010000000000000675,0.005853902351335982,0.015853902351336657
S08,S12,-1.0300000000000002,-1.010237589768435,0.01976241023156522
S11,S06,-0.33999999999999986,-0.36376063437421013,-0.023760634374210277
S08,S09,-0.3200000000000003,-0.34772504891029676,-0.02772504891029648
S04,S11,-0.29000000000000004,-0.32135000260072033,-0.031350002600720295
S06,S12,-0.5800000000000001,-0.6128227555269046,-0.0328227555269045
S01,S04,-0.8999999999999995,-0.9438402387133609,-0.0438402387133614
S09,S12,-0.71,-0.6625125408581383,0.0474874591418617
S07,S09,-0.3899999999999997,-0.3395935126926872,0.05040648730731245
S08,S06,-0.4500000000000002,-0.39741483424153046,0.05258516575846972
S01,S03,-0.5799999999999992,-0.5259237383709321,0.05407626162906709
S04,S06,-0.6299999999999999,-0.6851106369749305,-0.05511063697493057
S11,S12,-0.9199999999999999,-0.9765833899011147,-0.05658338990111478
S01,S02,-0.5899999999999999,-0.5200698360195961,0.06993016398040375
S01,S11,-1.1899999999999995,-1.2651902413140812,-0.0751902413140817
S08,S11,-0.11000000000000032,-0.03365419986732032,0.07634580013268
S07,S08,-0.0699999999999994,0.008131536217609536,0.07813153621760893
S09,S06,-0.1299999999999999,-0.04968978533123369,0.0803102146687662
S04,S12,-1.21,-1.297933392501835,-0.08793339250183507
S07,S12,-1.0999999999999996,-1.0021060535508255,0.09789394644917415
S03,S04,-0.3200000000000003,-0.4179165003424288,-0.09791650034242849
S01,S06,-1.5299999999999994,-1.6289508756882913,-0.09895087568829197
S11,S09,-0.20999999999999996,-0.31407084904297644,-0.10407084904297648
S04,S08,-0.17999999999999972,-0.2876958027334,-0.10769580273340029
S02,S04,-0.3099999999999996,-0.42377040269376476,-0.11377040269376515
S03,S11,-0.6100000000000003,-0.7392665029431491,-0.1292665029431488
S07,S06,-0.5199999999999996,-0.3892832980239209,0.13071670197607865
S01,S12,-2.1099999999999994,-2.241773631215196,-0.13177363121519647
S04,S09,-0.5,-0.6354208516436968,-0.13542085164369677
S02,S11,-0.5999999999999996,-0.7451204052944851,-0.14512040529448544
S01,S08,-1.0799999999999992,-1.2315360414467609,-0.1515360414467617
S03,S06,-0.9500000000000002,-1.1030271373173592,-0.15302713731735906
S07,S11,-0.17999999999999972,-0.025522663649710786,0.15447733635028893
S02,S06,-0.9399999999999995,-1.1088810396686952,-0.16888103966869572
S01,S09,-1.3999999999999995,-1.5792610903570576,-0.17926109035705817
S04,S07,-0.11000000000000032,-0.29582733895100954,-0.18582733895100922
S03,S12,-1.5300000000000002,-1.7158498928442638,-0.18584989284426356
S02,S12,-1.5199999999999996,-1.7217037951955998,-0.20170379519560022
S03,S08,-0.5,-0.7056123030758288,-0.20561230307582878
S02,S08,-0.4899999999999993,-0.7114662054271648,-0.22146620542716544
S01,S07,-1.0099999999999998,-1.2396675776643704,-0.22966757766437063
S03,S09,-0.8200000000000003,-1.0533373519861255,-0.23333735198612526
S07,S13,-0.4399999999999995,-0.6754141273562011,-0.2354141273562016
S02,S05,-0.5099999999999998,-0.26629744021071833,0.24370255978928146
S02,S09,-0.8099999999999996,-1.0591912543374615,-0.24919125433746192
S03,S05,-0.5200000000000005,-0.26044353785938235,0.2595564621406181
S03,S07,-0.4300000000000006,-0.7137438392934383,-0.2837438392934377
S09,S13,-0.04999999999999982,-0.3358206146635139,-0.28582061466351405
S02,S07,-0.41999999999999993,-0.7195977416447743,-0.2995977416447744
S08,S13,-0.3700000000000001,-0.6835456635738106,-0.31354566357381053
S01,S05,-1.0999999999999996,-0.7863672762303144,0.3136327237696852
S13,S12,-0.6600000000000001,-0.3266919261946244,0.33330807380537575
S04,S05,-0.20000000000000018,0.15747296248304643,0.3574729624830466
S13,S06,-0.08000000000000007,0.2861308293322802,0.36613082933228025
S05,S11,-0.08999999999999986,-0.47882296508376676,-0.3888229650837669
S11,S13,-0.2599999999999998,-0.6498914637064903,-0.3898914637064905
S05,S06,-0.4299999999999997,-0.8425835994579769,-0.4125835994579772
S04,S13,-0.5499999999999998,-0.9712414663072106,-0.4212414663072108
S05,S12,-1.0099999999999998,-1.4554063549848815,-0.4454063549848817
S01,S13,-1.4499999999999993,-1.9150817050205715,-0.4650817050205722
S08,S05,-0.020000000000000462,0.44516876521644644,0.4651687652164469
S05,S09,-0.2999999999999998,-0.7928938141267432,-0.4928938141267434
S03,S13,-0.8700000000000001,-1.3891579666496394,-0.5191579666496393
S02,S13,-0.8599999999999994,-1.3950118690009754,-0.535011869000976
S07,S05,-0.08999999999999986,0.453300301434056,0.5433003014340558
S05,S13,-0.34999999999999964,-1.128714428790257,-0.7787144287902574
