det,x,y,HIP,TYC,HD,V,BV,Sp,sep_deg,resid,dx,dy,flux,snr,r_det_old,r_det_new,r_pred,dr,dr_old
S01,5549.87,403.85,47189.0,1410-784-1,83189.0,5.73,1.223,K1III,2.5752297795647103,0.334777860660651,-0.1899665831178936,-0.2756608664410578,4268.0,106.4,2884.3434877628565,2886.521054471409,2904.0890549677756,-17.568000496366494,17.668408470043232
S03,5806.93,3498.21,46232.0,1403-1650-1,81361.0,6.31,0.968,G9III:,1.819726890812022,0.558211056090025,-0.3049786385727202,0.4675335422784883,1921.0,45.4,2048.3251746243814,2046.7064031753107,2052.1077336760973,-5.401330500786571,22.655166299310395
S02,3242.48,765.81,47096.0,827-1691-1,83023.0,6.32,0.027,A1V,1.8738862004688448,0.204108721907609,0.090472172616046,-0.1829621718850376,1935.0,44.7,2103.2756995933746,2106.3552921298415,2113.1832383347823,-6.827946204940872,17.317034878519735
S04,3189.94,182.95,47266.0,827-839-1,83343.0,6.63,0.438,F2,2.382569047489083,0.6435804860106459,-0.2576187587878848,0.5897698000866853,1413.0,34.9,2676.924042273146,2680.0198902454276,2686.825365419466,-6.805475174038293,24.71359979921317
S07,1372.27,139.75,47291.0,827-596-1,83362.0,6.74,0.912,G8III,3.223436493474781,1.794310635233346,1.2820188866780882,1.2553797154296262,867.0,25.2,3640.702510697626,3643.297701846223,3635.0723785378586,8.225323308364295,52.46151610603283
S08,1306.88,1042.15,47022.0,827-1317-1,82865.0,6.81,-0.023,B9,2.7561682548560427,0.9904797520809608,0.5506682727041152,0.8232949609462139,826.0,22.9,3108.6954226652697,3110.8602355817575,3108.133544467634,2.726691114123696,40.60460093312577
S05,3233.76,3192.57,46345.0,826-899-1,81595.0,6.83,1.387,K2,0.703625351030596,0.538814095658293,-0.2848081453230406,-0.4573892762600735,972.0,18.4,786.3537985538061,785.1751592339746,793.4789729991418,-8.303813765167206,3.0973781115842485
S11,1570.57,2039.35,46713.0,826-404-1,82265.0,6.92,1.055,K0,2.1637936670572624,0.1814889689938105,0.0303964850486408,0.1789254022298791,694.0,18.0,2434.385081165262,2435.8375254626453,2440.112162252076,-4.274636789430588,25.709384997622692
S09,7089.29,3686.14,46149.0,1405-1111-1,81193.0,7.13,1.508,K2,2.945545929383621,0.8019510813143385,0.661060213195924,0.4540098361826494,728.0,20.3,3325.151579657685,3323.763838772268,3321.694926917844,2.0689118544241865,46.25073062211459
S13,7581.61,3720.09,46137.0,1405-1091-1,81163.0,7.18,0.749,G0III,3.3697767046785843,0.6378311576002398,0.1735299387391933,0.6137719006005682,539.0,16.1,3809.0394012401603,3807.7276857213933,3800.1003729448166,7.627312776576673,57.896501783479835
S06,6975.11,2387.54,46545.0,1406-756-1,81977.0,7.26,1.489,K0,2.7592296274645873,0.8045562265391553,0.7596204127530655,-0.2651179929612226,959.0,25.2,3104.1185518114476,3103.9310222770505,3111.5858572500515,-7.654834973001016,32.61989415142443
S10,4834.28,1878.37,46745.0,1403-1050-1,82332.0,7.66,1.154,K0,1.1597790816685725,0.5785619420604814,-0.4470102206651063,-0.3673088392915815,725.0,14.8,1292.7163282406545,1294.404336708175,1307.8839659207372,-13.479629212562259,1.6821000381619342
S23,2293.11,2198.15,46650.0,826-668-1,82176.0,7.67,1.052,K0,1.5116742161513526,0.1620161176486771,-0.1616901780066655,0.0102717434801888,341.0,8.0,1698.578371050332,1700.1338447105823,1704.7164414758279,-4.582596765245626,15.824141568306914
S29,1390.25,2833.74,46453.0,826-1060-1,81856.0,7.69,0.669,G0,2.231396182111736,0.3792197442455318,-0.1516728380149743,-0.3475672088015926,245.0,6.7,2504.7770124504095,2505.26091148473,2516.347582336095,-11.086670851364943,20.848052771296807
S26,7591.38,4180.67,45992.0,1405-418-1,80888.0,7.69,1.346,K0,3.4982576072792293,0.980553042468748,0.0715897626896548,0.9779361814416916,271.0,8.4,3958.825899594475,3957.2069130684977,3944.988408170156,12.218504898341507,64.66158722427508
S34,1284.34,2718.28,46486.0,826-1078-1,81900.0,7.72,1.316,G5,2.324178662835157,0.5511232042135747,0.2695890740728828,-0.4806854661451325,201.0,5.5,2610.188966339411,2610.811355308306,2620.9784734898894,-10.167118181583646,22.97709676409704
S20,4928.34,4270.98,45989.0,1402-1334-1,80889.0,7.75,0.165,A2,1.621718713952187,0.6962304724115091,-0.6958697310365096,-0.0224095546927856,354.0,8.6,1826.4230950138578,1823.5856483786513,1828.8137255934598,-5.228077214808536,21.17035220993921
S21,3448.1,3224.8,46335.0,826-79-1,81581.0,7.77,0.308,A3,0.5718568614447948,1.0623163513271756,-1.0534330162149672,-0.1370945317848964,349.0,5.9,640.1411094438478,638.3487469495266,644.8835228251994,-6.534775875672835,3.5657534756160203
S12,5309.68,386.89,47196.0,1410-195-1,83190.0,7.84,0.528,F8,2.4722947724377864,0.243410110519404,-0.1822630175593076,-0.161334045797048,623.0,15.3,2768.0549128404227,2770.3916025086464,2788.0091501987113,-17.61754769006484,15.964257065521451
S15,2906.44,969.2,47035.0,827-1225-1,82906.0,7.89,-0.098,B9,1.8245982082063952,0.0404944952071084,0.028026963578668,-0.0292282988666556,463.0,10.7,2050.00615501515,2052.9555613607486,2057.60112290316,-4.645561542411542,18.913529924543127
S14,5992.67,141.07,47262.0,1410-19-1,83327.0,7.91,0.976,G5,2.995334647675242,0.6403317321666384,-0.587519283913025,-0.2546484208666015,495.0,13.2,3360.380003184164,3362.4135652926816,3377.841711565547,-15.428146272865433,26.055720057735016
S18,5922.69,3200.92,46311.0,1403-701-1,81540.0,7.97,1.621,M...,1.8452319560108963,0.3809731306507922,-0.3250263472273218,0.1987420435789317,396.0,9.5,2074.772491262596,2073.580804325135,2080.8698197928593,-7.289015467724312,20.710944682748504
S31,2151.21,2420.8,46576.0,826-868-1,82053.0,8.03,1.093,K0,1.582390156448972,0.7043742645082197,0.2345300495935589,-0.6641827763041874,234.0,5.7,1776.6689596264127,1777.818713891138,1784.4628741474723,-6.644160256334317,15.195687141471808
S16,4213.52,365.59,47211.0,1410-284-1,83225.0,8.04,0.42,F2,2.162010677871039,0.3239637262622232,-0.2048720206075813,0.2509580664291775,463.0,11.0,2421.1726779600003,2424.126291942759,2438.101483662567,-13.975191719807754,14.481756396691708
S19,7437.56,3058.96,46349.0,1406-1315-1,81580.0,8.26,0.919,G5,3.1510438237643297,1.1491012325456529,1.1260880804529734,-0.2288214974596485,358.0,10.1,3555.582773779849,3554.768602241254,3553.435096523531,1.3335057177232557,47.9273113334707
S27,2971.75,873.89,,827-1106-1,,8.289909999999999,0.9358500000000008,,1.8738369232927177,0.40764667428456,0.2019101604955722,0.3541300582327267,260.0,6.1,2104.5893296793083,2107.5829740733484,2113.127668416717,-5.544694343368519,18.6855189638527
S17,6372.36,2538.86,,1403-781-1,,8.348460000000001,0.9400999999999998,,2.215781184441589,1.0544317988861514,0.3384035764620421,-0.998653812860084,412.0,10.0,2488.6107882109645,2488.3280511986122,2498.7385347136,-10.410483514987845,22.064015177656074
S25,7668.67,1322.53,46900.0,1406-1045-1,82604.0,8.48,0.401,F2,3.5866084013603916,0.8695613564566238,-0.8446648641256616,-0.2065870759613517,276.0,8.2,4041.018400081841,4041.582353696487,4044.62168211132,-3.039328414832653,48.50440969921601
S22,6450.25,576.42,47138.0,1410-216-1,83070.0,8.52,1.022,K0,2.9985378092799997,0.317757851604268,0.2581797947468658,-0.1852383487311044,344.0,9.2,3365.4735023321755,3367.032226599598,3381.453919932927,-14.42169333332913,27.58354766056209
S32,4442.91,262.3,47233.0,1410-770-1,83289.0,8.65,0.45,F8,2.2880670019395035,0.1775319189707102,-0.0952454928528823,-0.1498194858642705,233.0,5.6,2562.7530716204396,2565.616130362122,2580.2553193869176,-14.639189024795542,15.739711390936918
S38,2021.75,1095.53,,827-1126-1,,8.69975,0.4462500000000003,,2.227291679998551,0.6806917727320271,0.1010618330956276,-0.6731476772272345,165.0,4.1,2508.9496462464126,2511.4056041018625,2511.718931425958,-0.3133273240955532,29.58970561722799
S24,3483.0,667.65,,827-1624-1,,8.75128,0.6018000000000001,,1.9062504183261475,0.3302057420007911,-0.3278959356089217,0.0389882990324395,292.0,6.7,2137.848781485725,2140.9551874512395,2149.680397383585,-8.725209932345479,15.863158117100738
S35,3743.89,851.1,,827-1529-1,,8.7748,0.5779999999999997,,1.714677540991144,0.7188328583195689,-0.7136469397096334,-0.0861900437577105,199.0,4.4,1920.383632012104,1923.473225091392,1933.6434826538605,-10.170257562468578,11.651675435691459
S30,5573.25,1027.09,46999.0,1403-1015-2,82793.0,8.9,0.0,G,2.1612739359001827,0.1605093106839079,0.0608762337942607,0.1485170797425326,238.0,5.6,2417.015048070657,2418.8208121422003,2437.2706590461084,-18.44984690390811,11.144247439655828
S36,3490.96,1169.2,46969.0,827-1638-1,,9.06,0.486,F2,1.4696006680375222,0.3116437374996999,0.3116079544561216,-0.0047224826578258,180.0,3.9,1646.5159639675528,1649.6161210533107,1657.2700615253416,-7.653940472030854,10.596852979587538
S37,7192.59,2060.25,,1406-728-1,,9.06387,0.7284499999999994,,2.997705319696972,0.5210392119543381,0.5058851821495409,-0.1247479173193824,172.0,4.7,3373.0631335034336,3373.150510065118,3380.5151206437804,-7.36461057866245,36.09988337693403
S33,5639.05,1496.76,46866.0,1403-916-1,,9.16,1.447,K2,1.9299267342372912,0.2963684155192289,-0.2913508398332851,-0.0543040131649377,232.0,5.4,2157.4998141598994,2158.8408979344526,2176.3802012011433,-17.539303266690695,9.158366029334047
S28,5497.78,2384.72,46561.0,1403-185-1,,9.18,1.352,K5,1.472461441121558,0.0647305429949003,0.0646226475637377,-0.0037358557610787,248.0,5.4,1648.2897551098229,1648.448515127305,1660.4961580344843,-12.047642907179352,9.186110076548857
