det,V,snr,n,flux,sd_frame,sem
S01,5.73,106.4,7,4336.521845499675,0.12381736272107421,0.04679856425026315
S03,6.31,45.4,7,1855.344029744466,0.2010835293126735,0.07600243018750014
S02,6.32,44.7,7,1894.7244313557942,0.22820023939586828,0.08625158322383884
S04,6.63,34.9,7,1413.7568105061848,0.20791772601217504,0.07858551374146863
S07,6.74,25.2,7,908.572629292806,0.257716334731112,0.09740761864251435
S08,6.81,22.9,7,737.1258850097656,0.2513860993514362,0.0950150145632108
S05,6.83,18.4,7,1116.2762196858723,0.21228884136293405,0.0802376400514808
S11,6.92,18.0,7,671.0212605794271,0.38984971852714545,0.14734934341590808
S09,7.13,20.3,7,821.0495045979818,0.21699494765532087,0.0820163810362082
S13,7.18,16.1,7,598.4634552001953,0.23489629259906647,0.0887824534440274
S06,7.26,25.2,7,904.8416544596354,0.08877455245749437,0.033553626936226856
S10,7.66,14.8,7,650.4434102376302,0.4417421660194386,0.16696284498549166
S23,7.67,8.0,7,420.2870686848958,0.2817995291366471,0.10651021052438119
S29,7.69,6.7,7,270.38804117838544,0.5500603702091724,0.20790327794937027
S26,7.69,8.4,7,310.2784423828125,1.0937018101378704,0.41338042829799804
S34,7.72,5.5,5,132.19463602701822,1.4651675731344138,0.6552428583913887
S20,7.75,8.6,7,367.0374501546224,0.5085496649616745,0.19221370611625838
S21,7.77,5.9,4,121.6661376953125,0.785790249118076,0.392895124559038
S12,7.84,15.3,7,514.2946929931641,0.4272485329548477,0.16148476660224445
S15,7.89,10.7,7,443.2405497233073,0.8489837525599803,0.3208856966297291
S14,7.91,13.2,7,536.4526824951172,0.25662872282094434,0.09699653998004927
S18,7.97,9.5,7,376.01309458414715,0.5453837352706762,0.20613567608938502
S31,8.03,5.7,5,103.3717041015625,0.5732381418052431,0.2563598904744375
S16,8.04,11.0,7,494.2838541666667,0.26761292609447984,0.10114817858175734
S19,8.26,10.1,6,348.1192169189453,0.44746558253177676,0.18267705911001447
S27,8.289909999999999,6.1,6,381.4945119222005,0.7328794594095278,0.29919678642001984
S17,8.348460000000001,10.0,7,373.8072458902995,0.5272725397188665,0.19929028760707818
S25,8.48,8.2,7,334.7467320760091,0.38527983379413144,0.14562208934108153
S22,8.52,9.2,6,386.6958872477214,0.5548588610750503,0.22652018148261538
S32,8.65,5.6,7,229.26168823242188,0.5301660421162917,0.20038392871587196
S38,8.69975,4.1,6,142.26253763834634,0.9302172571786262,0.3797596050031578
S24,8.75128,6.7,7,346.12416585286456,0.27978505899069805,0.10574881237727474
S35,8.7748,4.4,5,147.20986938476562,0.29070269228023393,0.13000619623616128
S30,8.9,5.6,6,270.9240417480469,0.8400625768073271,0.3429541108642589
S36,9.06,3.9,7,280.0601501464844,0.6267223185990403,0.23687877087240725
S37,9.06387,4.7,6,185.93220011393228,0.7186139615380969,0.2933729213013923
S33,9.16,5.4,7,212.41688791910806,0.6836751755863671,0.25840492744999216
S28,9.18,5.4,7,244.965087890625,0.9585197641170362,0.3622864175134244
