det,x,y,HIP,TYC,HD,V,BV,Sp,sep_deg,resid,dx,dy,flux,snr,flux_tot,minst,alt,X,resid_zp,usat
S01,5549.87,403.85,47189.0,1410-784-1,83189.0,5.73,1.223,K1III,2.5752297795647103,0.334777860660651,-0.1899665831178936,-0.2756608664410578,4268.0,106.4,4146.062832059773,-9.044089698452781,11.677050369243128,4.831850060426365,-0.003777420012562871,True
S03,5806.93,3498.21,46232.0,1403-1650-1,81361.0,6.31,0.968,G9III:,1.819726890812022,0.558211056090025,-0.3049786385727202,0.4675335422784883,1921.0,45.4,1773.8577589296524,-8.12229697984883,9.716201129696795,5.737349511391606,0.050298841616491785,True
S02,3242.48,765.81,47096.0,827-1691-1,83023.0,6.32,0.027,A1V,1.8738862004688448,0.204108721907609,0.090472172616046,-0.1829621718850376,1935.0,44.7,1811.5085826195539,-8.145100989972045,10.119662582373916,5.524572862105444,0.0661527439678089,True
S04,3189.94,182.95,47266.0,827-839-1,83343.0,6.63,0.438,F2,2.382569047489083,0.6435804860106459,-0.2576187587878848,0.5897698000866853,1413.0,34.9,1351.664945881455,-7.827172627334507,10.484579489265476,5.345138687493131,-0.04761765872594559,True
S07,1372.27,139.75,47291.0,827-596-1,83362.0,6.74,0.912,G8III,3.223436493474781,1.794310635233346,1.2820188866780882,1.2553797154296262,867.0,25.2,868.6683343811623,-7.347134976096904,9.47084985190754,5.874831020341383,-0.2334449976769477,True
S08,1306.88,1042.15,47022.0,827-1317-1,82865.0,6.81,-0.023,B9,2.7561682548560427,0.9904797520809608,0.5506682727041152,0.8232949609462139,826.0,22.9,704.7514905429952,-7.12009000768373,8.825278319509087,6.269545670497376,-0.15531346145936098,True
S05,3233.76,3192.57,46345.0,826-899-1,81595.0,6.83,1.387,K2,0.703625351030596,0.538814095658293,-0.2848081453230406,-0.4573892762600735,972.0,18.4,1067.2496322265172,-7.570665034546082,8.463542364122388,6.514283207448143,0.30985530375711434,True
S11,1570.57,2039.35,46713.0,826-404-1,82265.0,6.92,1.055,K0,2.1637936670572624,0.1814889689938105,0.0303964850486408,0.1789254022298791,694.0,18.0,641.550165577384,-7.018076553498419,8.30020602040636,6.631010286358802,-0.07896766132666144,True
S09,7089.29,3686.14,46149.0,1405-1111-1,81193.0,7.13,1.508,K2,2.945545929383621,0.8019510813143385,0.661060213195924,0.4540098361826494,728.0,20.3,784.989204615097,-7.237159210626408,10.30592762228506,5.431518509503253,-0.18303851036962193,True
S13,7581.61,3720.09,46137.0,1405-1091-1,81163.0,7.18,0.749,G0III,3.3697767046785843,0.6378311576002398,0.1735299387391933,0.6137719006005682,539.0,16.1,572.179081843342,-6.89382994123136,10.557121297708942,5.310836695578473,-0.4688591250331502,False
S06,6975.11,2387.54,46545.0,1406-756-1,81977.0,7.26,1.489,K0,2.7592296274645873,0.8045562265391553,0.7596204127530655,-0.2651179929612226,959.0,25.2,865.1012230799215,-7.342667315058266,11.129526236691456,5.054776004285997,-0.10272829570085307,True
S10,4834.28,1878.37,46745.0,1403-1050-1,82332.0,7.66,1.154,K0,1.1597790816685725,0.5785619420604814,-0.4470102206651063,-0.3673088392915815,725.0,14.8,621.8760895539108,-6.984259647483142,10.271748474667898,5.448360563384082,0.12796931405656764,True
S23,2293.11,2198.15,46650.0,826-668-1,82176.0,7.67,1.052,K0,1.5116742161513526,0.1620161176486771,-0.1616901780066655,0.0102717434801888,341.0,8.0,401.82816006753364,-6.510100921955164,8.604628035921703,6.416641031272814,0.07415430262189027,True
S29,1390.25,2833.74,46453.0,826-1060-1,81856.0,7.69,0.669,G0,2.231396182111736,0.3792197442455318,-0.1516728380149743,-0.3475672088015926,245.0,6.7,258.51266238322825,-6.031204551055382,7.659686914776053,7.130898486927696,-0.05865936157203322,True
S26,7591.38,4180.67,45992.0,1405-418-1,80888.0,7.69,1.346,K0,3.4982576072792293,0.980553042468748,0.0715897626896548,0.9779361814416916,271.0,8.4,296.6510866047649,-6.180614858639598,10.247246856098146,5.460497712350445,-0.6552215277530689,False
S34,1284.34,2718.28,46486.0,826-1078-1,81900.0,7.72,1.316,G5,2.324178662835157,0.5511232042135747,0.2695890740728828,-0.4806854661451325,201.0,5.5,126.38867888976054,-5.254270435738089,7.676407643592905,7.116921319905286,-0.8605783655750674,False
S20,4928.34,4270.98,45989.0,1402-1334-1,80889.0,7.75,0.165,A2,1.621718713952187,0.6962304724115091,-0.6958697310365096,-0.0224095546927856,354.0,8.6,350.9172521843314,-6.363011800021807,8.69019838468945,6.35880167417844,0.05043075086139304,True
S21,3448.1,3224.8,46335.0,826-79-1,81581.0,7.77,0.308,A3,0.5718568614447948,1.0623163513271756,-1.0534330162149672,-0.1370945317848964,349.0,5.9,116.32258971375671,-5.16416015602508,8.564293284961934,6.444262570673777,-1.1037563002853137,False
S12,5309.68,386.89,47196.0,1410-195-1,83190.0,7.84,0.528,F8,2.4722947724377864,0.243410110519404,-0.1822630175593076,-0.161334045797048,623.0,15.3,491.7069917582431,-6.7292659593080515,11.55329792722005,4.88050209556075,-0.13555105122777533,True
S15,2906.44,969.2,47035.0,827-1225-1,82906.0,7.89,-0.098,B9,1.8245982082063952,0.0404944952071084,0.028026963578668,-0.0292282988666556,463.0,10.7,423.77352964949665,-6.567834564241637,9.78963624362745,5.697425558072893,0.14025526483047557,True
S14,5992.67,141.07,47262.0,1410-19-1,83327.0,7.91,0.976,G5,2.995334647675242,0.6403317321666384,-0.587519283913025,-0.2546484208666015,495.0,13.2,512.8918076038169,-6.77506440539069,12.103357504357716,4.671433727506977,-0.14072802871328882,True
S18,5922.69,3200.92,46311.0,1403-701-1,81540.0,7.97,1.621,M...,1.8452319560108963,0.3809731306507922,-0.3250263472273218,0.1987420435789317,396.0,9.5,359.4986884341352,-6.389243275692547,9.984331074936176,5.594184226977354,-0.13190957760958888,True
S31,2151.21,2420.8,46576.0,826-868-1,82053.0,8.03,1.093,K0,1.582390156448972,0.7043742645082197,0.2345300495935589,-0.6641827763041874,234.0,5.7,98.83164331500916,-4.987240041551686,8.371596722768842,6.579493275596145,-1.024111992998666,False
S16,4213.52,365.59,47211.0,1410-284-1,83225.0,8.04,0.42,F2,2.162010677871039,0.3239637262622232,-0.2048720206075813,0.2509580664291775,463.0,11.0,472.57502423847154,-6.686176913204704,10.945692117939783,5.134294196132609,0.13508978223582346,True
S19,7437.56,3058.96,46349.0,1406-1315-1,81580.0,8.26,0.919,G5,3.1510438237643297,1.1491012325456529,1.1260880804529734,-0.2288214974596485,358.0,10.1,332.8299032763402,-6.305555846965013,10.928080064877058,5.142043236909902,-0.060234518787773084,True
S27,2971.75,873.89,,827-1106-1,,8.289909999999999,0.9358500000000008,,1.8738369232927177,0.40764667428456,0.2019101604955722,0.3541300582327267,260.0,6.1,364.7393632195962,-6.4049565888887585,9.891694216022993,5.642842306967671,0.27601773454756895,True
S17,6372.36,2538.86,,1403-781-1,,8.348460000000001,0.9400999999999998,,2.215781184441589,1.0544317988861514,0.3384035764620421,-0.998653812860084,412.0,10.0,357.3897200930209,-6.3828551409117305,10.68872375041509,5.249709816421719,0.1486867189491008,True
S25,7668.67,1322.53,46900.0,1406-1045-1,82604.0,8.48,0.401,F2,3.5866084013603916,0.8695613564566238,-0.8446648641256616,-0.2065870759613517,276.0,8.2,320.04473480379625,-6.26302671705428,12.238660196913104,4.622727858667608,-0.05931533301419023,True
S22,6450.25,576.42,47138.0,1410-216-1,83070.0,8.52,1.022,K0,2.9985378092799997,0.317757851604268,0.2581797947468658,-0.1852383487311044,344.0,9.2,369.7122953714577,-6.4196597349206215,12.066048448430772,4.685045685930085,0.11603077437209386,True
S32,4442.91,262.3,47233.0,1410-770-1,83289.0,8.65,0.45,F8,2.2880670019395035,0.1775319189707102,-0.0952454928528823,-0.1498194858642705,233.0,5.6,219.19256912821913,-5.8520645674903164,11.145236161241007,5.0480942080937,-0.12714284730579628,True
S38,2021.75,1095.53,,827-1126-1,,8.69975,0.4462500000000003,,2.227291679998551,0.6806917727320271,0.1010618330956276,-0.6731476772272345,165.0,4.1,136.01440064436926,-5.333962230287557,9.19837776341973,6.03531021096476,-0.18474567941101228,True
S24,3483.0,667.65,,827-1624-1,,8.75128,0.6018000000000001,,1.9062504183261475,0.3302057420007911,-0.3278959356089217,0.0389882990324395,292.0,6.7,330.9224743810557,-6.29931565746015,10.323451162746096,5.422923565056118,0.5656975833581548,False
S35,3743.89,851.1,,827-1529-1,,8.7748,0.5779999999999997,,1.714677540991144,0.7188328583195689,-0.7136469397096334,-0.0861900437577105,199.0,4.4,140.74444675101694,-5.371078170567455,10.349788522906294,5.410056177750367,-0.3425610496960818,True
S30,5573.25,1027.09,46999.0,1403-1015-2,82793.0,8.9,0.0,G,2.1612739359001827,0.1605093106839079,0.0608762337942607,0.1485170797425326,238.0,5.6,259.0251219346871,-6.033354717042084,11.26919691722824,4.9959818439873365,0.31668105131065794,True
S36,3490.96,1169.2,46969.0,827-1638-1,,9.06,0.486,F2,1.4696006680375222,0.3116437374996999,0.3116079544561216,-0.0047224826578258,180.0,3.9,267.7599746138545,-6.069364145436378,9.98810069787147,5.592221756378403,0.7236579057829289,False
S37,7192.59,2060.25,,1406-728-1,,9.06387,0.7284499999999994,,2.997705319696972,0.5210392119543381,0.5058851821495409,-0.1247479173193824,172.0,4.7,177.7661018762029,-5.6246223728612765,11.47399648005598,4.912196547904766,-0.018381377599293813,True
S33,5639.05,1496.76,46866.0,1403-916-1,,9.16,1.447,K2,1.9299267342372912,0.2963684155192289,-0.2913508398332851,-0.0543040131649377,232.0,5.4,203.08758845921204,-5.769208456611676,10.987296529737852,5.116080821495797,0.25249424708146684,True
S28,5497.78,2384.72,46561.0,1403-185-1,,9.18,1.352,K5,1.472461441121558,0.0647305429949003,0.0646226475637377,-0.0037358557610787,248.0,5.4,234.20627918883437,-5.9239963363680275,10.302262339336679,5.433319670241978,0.5664038548096215,False
