HIP,Vmag,sep_deg,ra_app,dec_app,ra_j2000,dec_j2000,plx_mas,SpType,HD,BV,r_Rsol,px_sony,px_r6,sony,r6
46335,7.77,0.5718003194179132,141.6954517135917,14.49531683312594,141.70144544,14.49405705,9.35,A3,81581,0.308,2.173525874438518,636.5124149364526,953.8837580651009,SEGUR,SEGUR
46345,6.83,0.7036103090289345,141.73047887362466,14.304398835038102,141.7363284,14.30321986,4.79,K2,81595,1.387,2.6745616612332395,783.2396760989994,1173.7706730788527,SEGUR,SEGUR
46745,7.66,1.1598148494057472,142.9069445235717,15.77196511289308,142.91265279,15.77012578,3.41,K0,82332,1.154,4.4086851635683635,1291.0740438653959,1934.8162455332206,SEGUR,SEGUR
46415,7.79,1.1638268492070565,141.9751356363874,13.750254541329015,141.98116435,13.74897275,7.19,G5,81762,0.834,4.423935566690322,1295.5400918816954,1941.5091089645057,SEGUR,SEGUR
46650,7.67,1.511736654355934,142.66832858610653,13.497369697779886,142.67387437,13.49603954,4.69,K0,82176,1.052,5.746409405515287,1682.823733976921,2521.896179648453,SEGUR,POSSIBLE
45989,7.75,1.6216162564116303,140.68692667328176,15.777984845346484,140.69237304,15.77677316,5.43,A2,80889,0.165,6.164083460654301,1805.1386898830763,2705.1985741806625,SEGUR,POSSIBLE
45874,6.57,1.7964825157730084,140.30805900996407,15.37306449502762,140.31403563,15.37136629,4.3,A1V,80613,-0.003,6.828784627094967,1999.7950082816421,2996.912445219106,SEGUR,POSSIBLE
46232,6.31,1.819646553044698,141.37917903786757,16.587234430924884,141.38562969,16.58564659,11.99,G9III:,81361,0.968,6.91683570481687,2025.5805785284208,3035.5549541060764,SEGUR,POSSIBLE
47035,7.89,1.824737617687908,143.78403080647922,14.077344017702766,143.78963532,14.07565697,3.94,B9,82906,-0.098,6.936187846385661,2031.2478118974855,3044.0479257073534,SEGUR,POSSIBLE
46311,7.97,1.8451815014460449,141.65216770854877,16.700099070928495,141.65787042,16.69831808,2.42,M...,81540,1.621,7.013899083706338,2054.0053819436494,3078.1526437468774,SEGUR,POSSIBLE
47096,6.32,1.873999005662784,143.9646105045518,14.381376448880893,143.9704538,14.3795934,6.39,A1V,83023,0.027,7.123440105151702,2086.084236359314,3126.226330114005,SEGUR,POSSIBLE
46713,6.92,2.1638687587798473,142.82873208847485,12.860399647635113,142.83404931,12.8589107,5.2,K0,82265,1.055,8.225292250422303,2408.759286211333,3609.7903297532207,SEGUR,POSSIBLE
46453,7.69,2.2314201061252503,142.10560196977727,12.675788420248526,142.11219745,12.67529555,11.42,G0,81856,0.669,8.482068254776205,2483.9555912340447,3722.480251182067,SEGUR,POSSIBLE
46486,7.72,2.3242189687163988,142.21345411368262,12.58535643082168,142.21866032,12.58409049,3.72,G5,81900,1.316,8.834815047862392,2587.2567369755834,3877.2883630116016,SEGUR,POSSIBLE
47266,6.63,2.3826397000121093,144.49931774905514,14.348532375013168,144.50547905,14.3474546,15.51,F2,83343,0.438,9.056883778436223,2652.2890909225703,3974.746487508616,POSSIBLE,POSSIBLE
45894,6.98,2.391156770470066,140.35040529432962,16.599734180262896,140.35626206,16.59840896,7.84,A5,80652,0.280,9.089258844322213,2661.770059892467,3988.954760747098,POSSIBLE,POSSIBLE
47196,7.84,2.4723348172132753,144.2755593785249,16.22731224713767,144.28152579,16.22591512,8.29,F8,83190,0.528,9.397832622686593,2752.135232519416,4124.37689618526,POSSIBLE,POSSIBLE
45879,6.67,2.4933992963202836,140.32134715872186,13.112565962816156,140.32724973,13.11164715,22.11,F8V,80654,0.507,9.477902865419685,2775.583632267477,4159.516898402697,POSSIBLE,POSSIBLE
46392,7.46,2.5139907200037896,141.89621486259094,12.40145468294694,141.90130138,12.40037481,3.62,K0,81707,1.154,9.556174931117702,2798.5054397073727,4193.8677442139215,POSSIBLE,FORA
46464,6.88,2.520406320959254,142.13335872365886,12.386947696413804,142.13964301,12.38534386,6.13,G5,81872,1.040,9.580561896642608,2805.647110529782,4204.570322267523,POSSIBLE,FORA
47189,5.73,2.575292242824725,144.25511802309708,16.439796474046194,144.2607944,16.43795912,3.42,K1III,83189,1.223,9.789194118881403,2866.7446116787287,4296.13163770575,POSSIBLE,FORA
47022,6.81,2.756260758731643,143.74320919906694,12.656109200037582,143.74875205,12.65456383,5.19,B9,82865,-0.023,10.477091166897816,3068.1937945064674,4598.025362110248,POSSIBLE,FORA
46545,7.26,2.7592135076073694,142.38154120635872,17.65367166531017,142.38728741,17.65187197,2.16,K0,81977,1.489,10.48831514817968,3071.480713477591,4602.951171170774,POSSIBLE,FORA
45827,7.77,2.9080016108170574,140.15337158459153,17.129022005042756,140.15917874,17.12736693,5.75,F2,80510,0.370,11.053888095855012,3237.1075445087836,4851.161167257371,POSSIBLE,FORA
46149,7.13,2.9454736603948866,141.16914565581598,17.712280033308506,141.17477629,17.71058246,2.21,K2,81193,1.508,11.196326752427584,3278.820401181692,4913.672464050785,POSSIBLE,FORA
47262,7.91,2.9953730756049866,144.48842862049327,16.835737564840763,144.49419634,16.83406071,3.91,G5,83327,0.976,11.386004278646723,3334.3670600426567,4996.915232705261,POSSIBLE,FORA
45462,7.8,3.0357222946357356,138.9650663430848,15.010233786606529,138.97095718,15.00868949,6.75,F0,79681,0.358,11.539379624197418,3379.2827027485,5064.226256111515,POSSIBLE,FORA
47388,7.02,3.0733594981391628,144.81582992717847,13.314469125705656,144.82193508,13.31253835,16.54,F7V,83509,0.475,11.682446063438801,3421.1794042365445,5127.013064550966,POSSIBLE,FORA
45410,5.36,3.19237410431815,138.8018313879201,14.943117666294407,138.80781962,14.9415367,4.65,K1III,79554,1.319,12.134844072291742,3553.663195901466,5325.554576249,POSSIBLE,FORA
47291,6.74,3.223530807250984,144.5613582090333,12.738111536665444,144.56695073,12.7362927,3.29,G8III,83362,0.912,12.253276849761415,3588.3459820975704,5377.530540363087,POSSIBLE,FORA
47557,7.97,3.322286797953559,145.43584003554122,15.7570449610684,145.44166321,15.7551947,2.86,K0,83891,1.030,12.628667862600242,3698.278439280399,5542.276400663954,POSSIBLE,FORA
47274,7.95,3.3690726535198947,144.5135020715989,17.356873123402096,144.51907557,17.35550915,1.07,K0,83326,1.374,12.806510134067832,3750.359169038844,5620.3250939164145,POSSIBLE,FORA
46137,7.18,3.3696572924584127,141.12415401089984,18.142913028806703,141.13012694,18.14146111,6.1,G0III,81163,0.749,12.80873246206752,3751.0099730520365,5621.300395204025,POSSIBLE,FORA
45855,7.96,3.4651686790338134,140.2310297554397,11.960292684494467,140.23678755,11.95867603,3.51,F0,80582,0.347,13.171790094208166,3857.3306260116665,5780.633570213961,POSSIBLE,FORA
47468,6.96,3.4800233343304563,145.14161909341055,13.054763748023998,145.14679771,13.05406058,23.76,F8,83683,0.477,13.228255570960586,3873.866420404961,5805.4142741379255,POSSIBLE,FORA
45992,7.69,3.4981602098253015,140.6954617390709,18.13371290943159,140.70094723,18.13203262,4.09,K0,80888,1.346,13.29719741452172,3894.055892198852,5835.670414907825,POSSIBLE,FORA
45699,6.61,3.60467478312841,139.73843561213744,17.706102168189776,139.74545459,17.70568032,25.51,F5,80218,0.487,13.702080331192283,4012.624990495447,6013.359230427375,POSSIBLE,FORA
46771,4.99,3.70549258526997,142.9803054461564,11.300965612488287,142.98663458,11.3000307,13.67,K0IIIvar,82395,1.046,14.085308696265209,4124.852599558408,6181.544627883175,POSSIBLE,FORA
47551,7.91,3.780451470447787,145.40624349077413,12.900391199632695,145.41137426,12.89867953,4.56,G5,83871,1.001,14.370242213999001,4208.294772298093,6306.591887679349,POSSIBLE,FORA
47723,5.36,3.8048571013309744,145.92755049109977,14.02350578497887,145.93292295,14.02170696,4.57,M2III,84194,1.610,14.463012834100445,4235.462450461197,6347.305637067428,POSSIBLE,FORA
45170,6.49,3.906122723521406,138.0635258324874,14.999533364472525,138.07443958,14.99544127,48.83,G9V,79096,0.731,14.847943451568588,4348.188560506203,6516.238092992152,POSSIBLE,FORA
47706,7.06,3.956472556489939,145.89682864054717,13.443438178307437,145.90157268,13.44216051,6.32,K0,84182,1.182,15.039333104589714,4404.236612048169,6600.232253644012,POSSIBLE,FORA
