id,x,y,nom,senyal,fwhm,nota
S01,5549.9,403.9,"S01 = HIP 47189 / 8 Leonis, K1III, V=5,73","4268 ADU/s (14181 e-/s), S/N 106,4; grup A 147,2 sigma, grup C 117,6 sigma","11,2"" (3,45 px), b/a 0,82","La més brillant del camp. R = 9,84 Rsol (2,59 graus). Surt als 7 fotogrames. Nucli net i rodó amb ales visibles fins a ~6 px."
S02,3242.5,765.8,"S02 / V01 = HIP 47096 / 7 Leonis, A1V, V=6,32","1935 ADU/s, S/N 44,7; A 50,6 / C 44,3","11,6"" (3,60 px), b/a 0,79","R = 7,18 Rsol. 7 de 7 fotogrames."
S03,5806.9,3498.2,"S03 / V00 = HIP 46232, G9III, V=6,31","1921 ADU/s, S/N 45,4; A 47,9 / C 54,2","11,4"" (3,52 px), b/a 0,84","R = 6,99 Rsol. 7 de 7."
S04,3189.9,182.9,"S04 = HIP 47266 / 11 Leonis, F2, V=6,63","1413 ADU/s, S/N 34,9; A 42,7 / C 36,9","11,6"" (3,59 px), b/a 0,78","R = 9,14 Rsol. 7 de 7."
S05,3233.8,3192.6,"S05 / V06 = HIP 46345, K2, V=6,83","972 ADU/s, S/N 18,4; A 16,9 / C 18,9","12,4"" (3,84 px), b/a 0,78","R = 2,68 Rsol: la més interna de totes. Verificada píxel a píxel a les dues piles: pic compacte i rodó sobre fons pla. És la que més valdria confirmar amb la predicció independent."
S06,6975.1,2387.5,,"959 ADU/s, S/N 25,2; A 29,4 / C 25,5","11,4"" (3,54 px), b/a 0,82","R = 10,59 Rsol. 7 de 7."
S07,1372.3,139.8,"S07 = HIP 47291, G8III, V=6,74","867 ADU/s, S/N 25,2; A 26,7 / C 27,8","11,9"" (3,69 px), b/a 0,81","R = 12,43 Rsol. 7 de 7."
S08,1306.9,1042.1,,"826 ADU/s, S/N 22,9; A 23,7 / C 19,5","12,4"" (3,84 px), b/a 0,85","R = 10,61 Rsol. 7 de 7."
S09,7089.3,3686.1,,"728 ADU/s, S/N 20,3; A 25,4 / C 24,1","11,3"" (3,49 px), b/a 0,85","R = 11,35 Rsol. 7 de 7."
S10,4834.3,1878.4,"S10 / V04 = HIP 46745, K0, V=7,66","725 ADU/s, S/N 14,8; A 16,6 / C 17,4","11,8"" (3,65 px), b/a 0,85","R = 4,41 Rsol. Única confirmada entre 3 i 5 Rsol."
S11,1570.6,2039.3,"S11 / V05 = HIP 46713, K0, V=6,92","694 ADU/s, S/N 18,0; A 16,0 / C 17,7","12,3"" (3,81 px), b/a 0,79","R = 8,31 Rsol."
S12,5309.7,386.9,,"623 ADU/s, S/N 15,3; A 18,5 / C 17,2","11,3"" (3,49 px), b/a 0,87","R = 9,45 Rsol. 7 de 7."
S13,7581.6,3720.1,"S13 = HIP 46137, G0III, V=7,18","539 ADU/s, S/N 16,1; A 21,5 / C 19,5","11,3"" (3,49 px), b/a 0,78","R = 13,00 Rsol. 7 de 7."
S14,5992.7,141.1,,"495 ADU/s, S/N 13,2; A 20,5 / C 13,5","11,9"" (3,69 px), b/a 0,73","R = 11,47 Rsol. 7 de 7."
S15,2906.4,969.2,,"463 ADU/s, S/N 10,7; A 12,0 / C 12,7","12,1"" (3,74 px), b/a 0,77","R = 7,00 Rsol."
S16,4213.5,365.6,,"463 ADU/s, S/N 11,0; A 14,3 / C 11,6","11,6"" (3,58 px), b/a 0,76","R = 8,26 Rsol."
S17,6372.4,2538.9,,"412 ADU/s, S/N 10,0; A 9,6 / C 6,2","12,5"" (3,87 px), b/a 0,86","R = 8,49 Rsol."
S18,5922.7,3200.9,,"396 ADU/s, S/N 9,5; A 13,7 / C 10,9","12,0"" (3,71 px), b/a 0,76","R = 7,08 Rsol. R/G = 1,40, la més vermella del grup brillant."
S19,7437.6,3059,,"358 ADU/s, S/N 10,1; A 10,5 / C 9,5","12,7"" (3,94 px), b/a 0,88","R = 12,14 Rsol."
S20,4928.3,4271,,"354 ADU/s, S/N 8,6; A 9,3 / C 9,0","12,5"" (3,88 px), b/a 0,87","R = 6,23 Rsol."
S21,3448.1,3224.8,"S21 / V21 = HIP 46335, A3, V=7,77","349 ADU/s, S/N 5,9; A 8,8 / C 7,1","12,7"" (3,93 px), b/a 0,75","R = 2,18 Rsol. La segona més interna; per la seva posició, la més exposada a contaminació de corona tot i haver passat els filtres."
S22,6450.2,576.4,,"344 ADU/s, S/N 9,2; A 10,0 / C 9,3","12,3"" (3,81 px), b/a 0,77","R = 11,49 Rsol."
S23,2293.1,2198.1,,"341 ADU/s, S/N 8,0; A 11,7 / C 8,1","12,0"" (3,71 px), b/a 0,79","R = 5,80 Rsol."
S24,3483,667.6,,"292 ADU/s, S/N 6,7; A 6,8 / C 7,4","12,8"" (3,95 px), b/a 0,84","R = 7,30 Rsol."
S25,7668.7,1322.5,,"276 ADU/s, S/N 8,2; A 10,9 / C 8,4","11,3"" (3,50 px), b/a 0,82","R = 13,79 Rsol. La més allunyada del Sol de tot el catàleg."
S26,7591.4,4180.7,"S26 = HIP 45992, K0, V=7,69","271 ADU/s, S/N 8,4; A 11,4 / C 14,4","11,3"" (3,48 px), b/a 0,83","R = 13,51 Rsol. 7 de 7."
S27,2971.7,873.9,,"260 ADU/s, S/N 6,1; A 8,2 / C 10,2","11,2"" (3,47 px), b/a 0,75","R = 7,18 Rsol. R/G = 2,39: molt vermella, o bé fotometria de color sorollosa a aquest nivell."
S28,5497.8,2384.7,,"248 ADU/s, S/N 5,4; A 7,7 / C 5,2","13,0"" (4,02 px), b/a 0,76","R = 5,63 Rsol."
S29,1390.3,2833.7,,"245 ADU/s, S/N 6,7; A 5,0 / C 6,1","13,1"" (4,04 px), b/a 0,82","R = 8,55 Rsol. Només 2 fotogrames individuals per damunt de 3 sigma; es confirma per les dues piles."
S30,5573.2,1027.1,,"238 ADU/s, S/N 5,6; A 5,2 / C 5,7","12,9"" (3,98 px), b/a 0,72","R = 8,25 Rsol."
S31,2151.2,2420.8,,"234 ADU/s, S/N 5,7; A 6,2 / C 7,3","12,1"" (3,73 px), b/a 0,81","R = 6,06 Rsol."
S32,4442.9,262.3,,"233 ADU/s, S/N 5,6; A 8,0 / C 8,4","11,8"" (3,66 px), b/a 0,82","R = 8,75 Rsol."
S33,5639.1,1496.8,,"232 ADU/s, S/N 5,4; A 7,7 / C 6,2","12,1"" (3,75 px), b/a 0,93","R = 7,36 Rsol. La més rodona del catàleg."
S34,1284.3,2718.3,,"201 ADU/s, S/N 5,5; A 8,3 / C 5,4","12,4"" (3,84 px), b/a 0,76","R = 8,91 Rsol."
S35,3743.9,851.1,,"199 ADU/s, S/N 4,4; A 5,7 / C 4,8","12,9"" (4,00 px), b/a 0,71","R = 6,55 Rsol."
S36,3491,1169.2,,"180 ADU/s, S/N 3,9; A 6,3 / C 5,2","12,6"" (3,88 px), b/a 0,74","R = 5,62 Rsol. Al llindar."
S37,7192.6,2060.2,,"172 ADU/s, S/N 4,7; A 4,9 / C 4,9","13,0"" (4,01 px), b/a 0,74","R = 11,51 Rsol. Al llindar exacte (4,9 sigma als dos grups)."
S38,2021.8,1095.5,,"165 ADU/s, S/N 4,1; A 5,5 / C 5,9","12,9"" (4,00 px), b/a 0,84","R = 8,56 Rsol. La més feble del catàleg."
