HIP,Vmag,sep_deg,ra_app,dec_app,ra_j2000,dec_j2000,plx_mas
46449,8.48,0.26044240483212006,142.0997875851736,15.167592733440593,142.10552142,15.16556188,8.54
46339,8.27,0.3922877066361372,141.7001492573449,14.929093499836286,141.70579626,14.92820865,13.45
46525,10.8,0.45560709793614057,142.33796586909804,14.510955322709794,142.34344873,14.50950017,2.69
46318,9.22,0.4766911530733612,141.66280354560163,15.117954967174233,141.6687234,15.11610126,3.29
46335,7.77,0.5718003194179132,141.6954517135917,14.495316833125939,141.70144544,14.49405705,9.35
46635,8.38,0.6267178772508896,142.64084360447998,15.2615834783704,142.64708032,15.26015186,16.92
46345,6.83,0.7036103090289345,141.73047887362466,14.304398835038102,141.7363284,14.30321986,4.79
46397,9.0,0.8575301083172019,141.9086813538094,15.743468887659455,141.91444578,15.74172868,10.58
46745,7.66,1.1598148494057472,142.9069445235717,15.771965112893081,142.91265279,15.77012578,3.41
46415,7.79,1.1638268492070565,141.9751356363874,13.750254541329017,141.98116435,13.74897275,7.19
46864,9.22,1.2015794342634014,143.23565239309806,14.408888792326545,143.2406894,14.40758845,1.25
46926,9.4,1.434902416614528,143.4627844700854,15.493178697577525,143.46868179,15.49221362,9.09
46969,9.06,1.4697031856688467,143.5900269319373,14.592499395013828,143.59535134,14.59079063,1.92
46561,9.18,1.4724560132336493,142.42173334829894,16.347826188390858,142.42751781,16.34597434,1.75
46019,9.52,1.485986298242899,140.7733993818156,14.168603049010086,140.77715034,14.16759135,16.16
46650,7.67,1.511736654355934,142.66832858610653,13.497369697779886,142.67387437,13.49603954,4.69
46680,8.8,1.5506826375106904,142.74939874852177,13.487715223139695,142.75494063,13.48586096,7.9
46576,8.03,1.5824473077405226,142.46647177328154,13.363961589366388,142.47180495,13.36283571,4.85
46050,9.1,1.6011602554790656,140.85999026624225,13.854501250028736,140.86566127,13.85284798,1.17
45989,7.75,1.6216162564116303,140.68692667328176,15.777984845346484,140.69237304,15.77677316,5.43
45874,6.57,1.7964825157730084,140.30805900996407,15.37306449502762,140.31403563,15.37136629,4.3
46232,6.31,1.819646553044698,141.37917903786757,16.587234430924884,141.38562969,16.58564659,11.99
47035,7.89,1.8247376176879082,143.78403080647922,14.077344017702766,143.78963532,14.07565697,3.94
47038,9.07,1.8291802138528082,143.7935827274271,14.085707100206823,143.79917703,14.08452381,11.47
46311,7.97,1.8451815014460446,141.65216770854877,16.700099070928495,141.65787042,16.69831808,2.42
46094,8.68,1.8608748073036903,140.99447448046865,13.389862812458437,141.00003064,13.38824227,1.4
47096,6.32,1.8739990056627842,143.9646105045518,14.381376448880891,143.9704538,14.3795934,6.39
46866,9.16,1.9299542713430273,143.24257406418778,16.49672326317144,143.24814758,16.49474381,1.44
46999,8.9,2.1610390204904264,143.67909867238586,16.448261006384374,143.68490293,16.44651645,3.96
47211,8.04,2.1621181821489355,144.3156745603939,15.254437836283264,144.32218024,15.25256128,9.83
46713,6.92,2.1638687587798473,142.82873208847485,12.860399647635111,142.83404931,12.8589107,5.2
45778,9.8,2.1978540902483465,140.0085613404613,14.065351729143961,140.01420406,14.06382414,3.88
46453,7.69,2.2314201061252503,142.10560196977727,12.675788420248526,142.11219745,12.67529555,11.42
45777,8.64,2.2763795867633965,140.00062525620507,15.939187206885565,140.0063796,15.93744906,2.19
47233,8.65,2.2881954326245495,144.40618213011524,15.460244140828133,144.4117042,15.4585294,7.26
46486,7.72,2.3242189687163988,142.21345411368262,12.585356430821681,142.21866032,12.58409049,3.72
47266,6.63,2.3826397000121093,144.49931774905514,14.348532375013168,144.50547905,14.3474546,15.51
45894,6.98,2.391156770470066,140.35040529432962,16.599734180262896,140.35626206,16.59840896,7.84
47196,7.84,2.4723348172132753,144.2755593785249,16.22731224713767,144.28152579,16.22591512,8.29
45879,6.67,2.4933992963202836,140.32134715872186,13.112565962816157,140.32724973,13.11164715,22.11
47149,11.42,2.509205954798709,144.1062164618604,13.31615123219242,144.1132102,13.31575751,2.85
46392,7.46,2.5139907200037896,141.89621486259094,12.401454682946941,141.90130138,12.40037481,3.62
46464,6.88,2.520406320959254,142.13335872365886,12.386947696413804,142.13964301,12.38534386,6.13
46896,9.58,2.527528265361311,143.35198359877268,17.132790035985295,143.35754802,17.1309069,-0.88
47189,5.73,2.575292242824725,144.25511802309708,16.439796474046194,144.2607944,16.43795912,3.42
46121,9.16,2.5856700887807698,141.07863560139384,12.521689268941941,141.08389602,12.52001587,2.64
47368,8.44,2.613862420381874,144.76079670388233,14.423815015907559,144.76624528,14.42204863,3.05
45684,9.35,2.649026523929925,139.69694364285226,13.654392329087793,139.70254645,13.65271487,2.78
47022,6.81,2.756260758731643,143.74320919906694,12.656109200037582,143.74875205,12.65456383,5.19
46545,7.26,2.7592135076073694,142.38154120635872,17.65367166531017,142.38728741,17.65187197,2.16
45947,8.34,2.801700118007177,140.54754294193538,12.549366698571983,140.55430946,12.54957419,8.52
46695,11.26,2.8287098258579046,142.7835903416004,12.156381402019859,142.7884299,12.15650799,12.83
45609,8.91,2.8621335728286574,139.44654368227353,13.661173317433827,139.45255669,13.65947571,6.8
47127,8.69,2.9060845243266926,144.04046738795998,12.69029185741869,144.04592303,12.68863306,3.59
45827,7.77,2.9080016108170574,140.15337158459153,17.129022005042756,140.15917874,17.12736693,5.75
46149,7.13,2.9454736603948866,141.16914565581598,17.712280033308506,141.17477629,17.71058246,2.21
45495,8.56,2.9666234836317416,139.0420837464619,15.122669107578899,139.04775774,15.12114693,2.96
47262,7.91,2.9953730756049866,144.48842862049327,16.835737564840763,144.49419634,16.83406071,3.91
47138,8.52,2.998580009099959,144.0769376285944,17.231708894038665,144.08267899,17.22994421,1.96
45474,8.64,3.0082571005671905,138.9926684004356,14.885660536590683,138.99845713,14.88452691,7.88
45462,7.8,3.0357222946357356,138.9650663430848,15.010233786606529,138.97095718,15.00868949,6.75
45891,8.27,3.0680708570374104,140.3483680600486,12.358153033070687,140.35411088,12.35645239,2.57
47388,7.02,3.0733594981391628,144.81582992717847,13.314469125705656,144.82193508,13.31253835,16.54
45488,8.36,3.0812461003076805,139.02665460036218,14.125712925509653,139.03194322,14.12649151,20.82
46911,8.87,3.0933190876107104,143.41703843441488,12.088952918205297,143.4223942,12.08734871,0.99
46687,8.6,3.1137171185511816,142.7653337745949,11.860360922002984,142.77073444,11.85859294,2.87
45579,8.9,3.131966346450444,139.3367263155934,16.55259782330015,139.34219658,16.55124527,8.06
46349,8.26,3.1509986012530082,141.7435502429211,18.03903938654736,141.74934473,18.03728768,2.25
47503,9.1,3.158871084646063,145.26772371672246,14.127834208994333,145.27317936,14.12594225,5.24
45597,8.37,3.161993078810192,139.4031811639862,16.70675429042197,139.40886289,16.70504678,3.56
45410,5.36,3.19237410431815,138.8018313879201,14.943117666294409,138.80781962,14.9415367,4.65
46109,10.88,3.2017584035481086,141.04605961575174,11.875812018682746,141.0517025,11.87404688,4.63
47291,6.74,3.223530807250984,144.5613582090333,12.738111536665443,144.56695073,12.7362927,3.29
45578,8.44,3.248283294211604,139.33532823871465,13.08315286906232,139.34083324,13.08156798,4.38
46462,8.79,3.270176365995952,142.1246792336648,11.637085484527326,142.13026948,11.63509539,3.26
47557,7.97,3.322286797953559,145.43584003554122,15.757044961068399,145.44166321,15.7551947,2.86
46357,9.55,3.3412647438790906,141.7678197275828,18.232767231775256,141.77518015,18.231693,13.47
47597,8.75,3.352737098551649,145.5708047377024,14.765724342296112,145.57612861,14.76400042,1.26
47274,7.95,3.3690726535198947,144.5135020715989,17.356873123402096,144.51907557,17.35550915,1.07
46137,7.18,3.3696572924584127,141.12415401089984,18.142913028806703,141.13012694,18.14146111,6.1
47362,9.23,3.376432334173662,144.74320840915811,12.707202980214557,144.74879731,12.70532739,4.88
46662,10.06,3.393788830639867,142.70465564107494,18.25207787348675,142.70836281,18.25306701,23.05
46986,8.79,3.3989768805709013,143.64205275854533,17.970173461128386,143.64773785,17.96838688,4.56
45387,8.3,3.4291351776094685,138.73525199787719,16.0062347535056,138.74088722,16.0046275,3.19
46100,8.89,3.441844009299179,141.01625552399233,18.18691519528587,141.02214092,18.18523093,10.04
45855,7.96,3.4651686790338134,140.2310297554397,11.960292684494467,140.23678755,11.95867603,3.51
45695,8.63,3.470629931896648,139.72569119803353,12.319411464951674,139.73156563,12.31779872,6.13
47468,6.96,3.4800233343304563,145.14161909341055,13.054763748023998,145.14679771,13.05406058,23.76
46398,8.8,3.4917576634688423,141.9147863405915,11.420390073909964,141.92082043,11.41872533,8.1
45992,7.69,3.4981602098253015,140.6954617390709,18.13371290943159,140.70094723,18.13203262,4.09
47513,10.38,3.5181441348682356,145.28269652744802,13.210350528923989,145.29481658,13.20991003,88.06
47455,9.08,3.539661364554334,145.0972234438367,16.96995498773691,145.10304279,16.96881615,11.71
46900,8.48,3.586590412822573,143.35591287571023,18.28776739399677,143.36197115,18.28580083,6.88
45295,8.56,3.6026388609034825,138.45309625475878,14.212551991116193,138.45868533,14.21089481,0.87
45699,6.61,3.60467478312841,139.73843561213744,17.706102168189776,139.74545459,17.70568032,25.51
47589,8.58,3.608241895200164,145.54640180658916,13.530726699728993,145.55180824,13.52922418,6.66
47375,8.63,3.627176422744261,144.7788535582473,17.46972889344403,144.78471398,17.46802809,5.42
46837,8.79,3.674306556789256,143.16367359505188,11.380302651381912,143.16955741,11.37870002,6.85
46771,4.99,3.70549258526997,142.9803054461564,11.300965612488287,142.98663458,11.3000307,13.67
46627,9.41,3.7234227690119597,142.623502025366,11.218123442168515,142.62925347,11.2167817,11.98
45538,10.98,3.7362991756012907,139.21698775886708,12.440575761055422,139.22235213,12.438978,-1.73
47551,7.91,3.7804514704477876,145.40624349077413,12.900391199632695,145.41137426,12.89867953,4.56
47723,5.36,3.8048571013309744,145.92755049109977,14.02350578497887,145.93292295,14.02170696,4.57
47342,8.93,3.8089356640728846,144.6994983056979,12.05302780020641,144.70618148,12.05150129,5.51
45990,9.62,3.886224050502198,140.68754943534577,11.274567999802176,140.69615118,11.27152944,15.75
45809,8.96,3.90143069073692,140.1106078046788,11.523291770511207,140.11678616,11.52349026,9.02
45170,6.49,3.9061227235214067,138.06352583248741,14.999533364472525,138.07443958,14.99544127,48.83
45300,9.95,3.9403760144805298,138.478232071216,13.134284737939339,138.48381591,13.13256716,1.81
47706,7.06,3.956472556489939,145.89682864054717,13.443438178307437,145.90157268,13.44216051,6.32
47143,8.12,3.972266494954182,144.08607028285547,11.43428507429815,144.09144691,11.43257995,2.49
47598,8.3,3.9807771069411175,145.57288798760334,17.08404355801805,145.57854722,17.08210897,4.42
45454,8.64,3.9838998336853786,138.95160622504352,17.495836904336567,138.95719378,17.49428472,2.87
