DSC06928.ARW	1/400	100	2026:08:12 19:38:13	2026:08:12 19:38:13+02:00
DSC06929.ARW	1/1000	100	2026:08:12 19:38:18	2026:08:12 19:38:18+02:00
DSC06930.ARW	1/1000	100	2026:08:12 19:38:19	2026:08:12 19:38:19+02:00
DSC06931.ARW	1/400	100	2026:08:12 19:43:30	2026:08:12 19:43:30+02:00
DSC06932.ARW	1/640	100	2026:08:12 19:43:35	2026:08:12 19:43:35+02:00
DSC06933.ARW	1/640	100	2026:08:12 19:44:13	2026:08:12 19:44:13+02:00
DSC06934.ARW	1/1000	100	2026:08:12 19:45:44	2026:08:12 19:45:44+02:00
DSC06935.ARW	1/800	100	2026:08:12 19:46:49	2026:08:12 19:46:49+02:00
DSC06936.ARW	1/800	100	2026:08:12 19:46:52	2026:08:12 19:46:52+02:00
DSC06937.ARW	1/800	100	2026:08:12 19:47:06	2026:08:12 19:47:06+02:00
DSC06938.ARW	1/800	100	2026:08:12 19:47:26	2026:08:12 19:47:26+02:00
DSC06939.ARW	1/1000	100	2026:08:12 19:47:28	2026:08:12 19:47:28+02:00
DSC06940.ARW	1/1000	100	2026:08:12 19:47:30	2026:08:12 19:47:30+02:00
DSC06941.ARW	1/1000	100	2026:08:12 19:47:32	2026:08:12 19:47:32+02:00
DSC06942.ARW	1/1000	100	2026:08:12 19:47:41	2026:08:12 19:47:41+02:00
DSC06943.ARW	1/1000	100	2026:08:12 19:47:58	2026:08:12 19:47:58+02:00
DSC06944.ARW	1/1000	100	2026:08:12 19:50:39	2026:08:12 19:50:39+02:00
DSC06945.ARW	1/1000	100	2026:08:12 19:50:42	2026:08:12 19:50:42+02:00
DSC06946.ARW	1/1000	100	2026:08:12 20:01:22	2026:08:12 20:01:22+02:00
DSC06947.ARW	1/1000	100	2026:08:12 20:01:53	2026:08:12 20:01:53+02:00
DSC06948.ARW	1/1000	100	2026:08:12 20:02:25	2026:08:12 20:02:25+02:00
DSC06949.ARW	1/1000	100	2026:08:12 20:02:37	2026:08:12 20:02:37+02:00
DSC06950.ARW	1/1000	100	2026:08:12 20:02:49	2026:08:12 20:02:49+02:00
DSC06951.ARW	1/1000	100	2026:08:12 20:12:04	2026:08:12 20:12:04+02:00
DSC06952.ARW	1/1000	100	2026:08:12 20:12:06	2026:08:12 20:12:06+02:00
DSC06953.ARW	1/1000	100	2026:08:12 20:12:08	2026:08:12 20:12:08+02:00
DSC06954.ARW	1/1000	100	2026:08:12 20:15:36	2026:08:12 20:15:36+02:00
DSC06955.ARW	1/1000	100	2026:08:12 20:19:12	2026:08:12 20:19:12+02:00
DSC06956.ARW	1/1000	100	2026:08:12 20:19:15	2026:08:12 20:19:15+02:00
DSC06957.ARW	1/400	100	2026:08:12 20:22:21	2026:08:12 20:22:21+02:00
DSC06958.ARW	1/400	100	2026:08:12 20:22:51	2026:08:12 20:22:51+02:00
DSC06959.ARW	1/400	100	2026:08:12 20:23:20	2026:08:12 20:23:20+02:00
DSC06960.ARW	1/400	100	2026:08:12 20:23:50	2026:08:12 20:23:50+02:00
DSC06961.ARW	1/400	100	2026:08:12 20:24:19	2026:08:12 20:24:19+02:00
DSC06962.ARW	1/400	100	2026:08:12 20:24:49	2026:08:12 20:24:49+02:00
DSC06963.ARW	1/400	100	2026:08:12 20:25:18	2026:08:12 20:25:18+02:00
DSC06964.ARW	1/400	100	2026:08:12 20:25:48	2026:08:12 20:25:48+02:00
DSC06965.ARW	1/400	100	2026:08:12 20:26:17	2026:08:12 20:26:17+02:00
DSC06966.ARW	1/400	100	2026:08:12 20:26:47	2026:08:12 20:26:47+02:00
DSC06967.ARW	1/400	100	2026:08:12 20:27:16	2026:08:12 20:27:16+02:00
DSC06968.ARW	1/400	100	2026:08:12 20:27:46	2026:08:12 20:27:46+02:00
DSC06969.ARW	1/400	100	2026:08:12 20:28:15	2026:08:12 20:28:15+02:00
DSC06970.ARW	1/400	100	2026:08:12 20:28:21	2026:08:12 20:28:21+02:00
DSC06971.ARW	1/400	100	2026:08:12 20:28:22	2026:08:12 20:28:22+02:00
DSC06972.ARW	1/400	100	2026:08:12 20:28:23	2026:08:12 20:28:23+02:00
DSC06973.ARW	1/800	100	2026:08:12 20:28:42	2026:08:12 20:28:42+02:00
DSC06974.ARW	1/6400	100	2026:08:12 20:28:42	2026:08:12 20:28:42+02:00
DSC06975.ARW	1/100	100	2026:08:12 20:28:42	2026:08:12 20:28:42+02:00
DSC06976.ARW	1/800	100	2026:08:12 20:28:45	2026:08:12 20:28:45+02:00
DSC06977.ARW	1/6400	100	2026:08:12 20:28:45	2026:08:12 20:28:45+02:00
DSC06978.ARW	1/100	100	2026:08:12 20:28:45	2026:08:12 20:28:45+02:00
DSC06979.ARW	1/800	100	2026:08:12 20:28:48	2026:08:12 20:28:48+02:00
DSC06980.ARW	1/6400	100	2026:08:12 20:28:48	2026:08:12 20:28:48+02:00
DSC06981.ARW	1/100	100	2026:08:12 20:28:48	2026:08:12 20:28:48+02:00
DSC06982.ARW	1/4	100	2026:08:12 20:28:58	2026:08:12 20:28:58+02:00
DSC06983.ARW	1/30	100	2026:08:12 20:28:58	2026:08:12 20:28:58+02:00
DSC06984.ARW	2	100	2026:08:12 20:29:00	2026:08:12 20:29:00+02:00
DSC06985.ARW	1	100	2026:08:12 20:29:10	2026:08:12 20:29:10+02:00
DSC06986.ARW	1/8	100	2026:08:12 20:29:11	2026:08:12 20:29:11+02:00
DSC06987.ARW	8	100	2026:08:12 20:29:19	2026:08:12 20:29:19+02:00
DSC06988.ARW	1	100	2026:08:12 20:29:27	2026:08:12 20:29:27+02:00
DSC06989.ARW	1/8	100	2026:08:12 20:29:28	2026:08:12 20:29:28+02:00
DSC06990.ARW	8	100	2026:08:12 20:29:36	2026:08:12 20:29:36+02:00
DSC06991.ARW	1	100	2026:08:12 20:29:44	2026:08:12 20:29:44+02:00
DSC06992.ARW	1/8	100	2026:08:12 20:29:44	2026:08:12 20:29:44+02:00
DSC06993.ARW	8	100	2026:08:12 20:29:52	2026:08:12 20:29:52+02:00
DSC06994.ARW	1/4	100	2026:08:12 20:30:02	2026:08:12 20:30:02+02:00
DSC06995.ARW	1/30	100	2026:08:12 20:30:02	2026:08:12 20:30:02+02:00
DSC06996.ARW	2	100	2026:08:12 20:30:04	2026:08:12 20:30:04+02:00
DSC06997.ARW	1/4	100	2026:08:12 20:30:07	2026:08:12 20:30:07+02:00
DSC06998.ARW	1/30	100	2026:08:12 20:30:08	2026:08:12 20:30:08+02:00
DSC06999.ARW	2	100	2026:08:12 20:30:10	2026:08:12 20:30:10+02:00
DSC07000.ARW	1/800	100	2026:08:12 20:30:26	2026:08:12 20:30:26+02:00
DSC07001.ARW	1/6400	100	2026:08:12 20:30:26	2026:08:12 20:30:26+02:00
DSC07002.ARW	1/100	100	2026:08:12 20:30:26	2026:08:12 20:30:26+02:00
DSC07003.ARW	1/800	100	2026:08:12 20:30:30	2026:08:12 20:30:30+02:00
DSC07004.ARW	1/6400	100	2026:08:12 20:30:30	2026:08:12 20:30:30+02:00
DSC07005.ARW	1/100	100	2026:08:12 20:30:30	2026:08:12 20:30:30+02:00
DSC07006.ARW	1/400	100	2026:08:12 20:31:12	2026:08:12 20:31:12+02:00
DSC07007.ARW	1/400	100	2026:08:12 20:31:41	2026:08:12 20:31:41+02:00
DSC07008.ARW	1/400	100	2026:08:12 20:32:11	2026:08:12 20:32:11+02:00
DSC07009.ARW	1/400	100	2026:08:12 20:32:41	2026:08:12 20:32:41+02:00
DSC07010.ARW	1/400	100	2026:08:12 20:33:11	2026:08:12 20:33:11+02:00
DSC07011.ARW	1/400	100	2026:08:12 20:33:40	2026:08:12 20:33:40+02:00
DSC07012.ARW	1/400	100	2026:08:12 20:34:10	2026:08:12 20:34:10+02:00
DSC07013.ARW	1/400	100	2026:08:12 20:34:40	2026:08:12 20:34:40+02:00
DSC07014.ARW	1/400	100	2026:08:12 20:35:09	2026:08:12 20:35:09+02:00
DSC07015.ARW	1/400	100	2026:08:12 20:35:39	2026:08:12 20:35:39+02:00
DSC07016.ARW	1/400	100	2026:08:12 20:36:09	2026:08:12 20:36:09+02:00
DSC07017.ARW	1/400	100	2026:08:12 20:36:39	2026:08:12 20:36:39+02:00
DSC07018.ARW	1/400	100	2026:08:12 20:37:08	2026:08:12 20:37:08+02:00
DSC07019.ARW	1/400	100	2026:08:12 20:37:38	2026:08:12 20:37:38+02:00
DSC07020.ARW	1/400	100	2026:08:12 20:38:08	2026:08:12 20:38:08+02:00
DSC07021.ARW	1/400	100	2026:08:12 20:38:38	2026:08:12 20:38:38+02:00
DSC07022.ARW	1/400	100	2026:08:12 20:39:07	2026:08:12 20:39:07+02:00
DSC07023.ARW	1/400	100	2026:08:12 20:39:37	2026:08:12 20:39:37+02:00
DSC07024.ARW	1/400	100	2026:08:12 20:40:07	2026:08:12 20:40:07+02:00
DSC07025.ARW	1/400	100	2026:08:12 20:40:36	2026:08:12 20:40:36+02:00
DSC07026.ARW	1/400	100	2026:08:12 20:41:06	2026:08:12 20:41:06+02:00
DSC07027.ARW	1/400	100	2026:08:12 20:41:36	2026:08:12 20:41:36+02:00
DSC07028.ARW	1/400	100	2026:08:12 20:42:06	2026:08:12 20:42:06+02:00
DSC07029.ARW	1/400	100	2026:08:12 20:42:35	2026:08:12 20:42:35+02:00
DSC07030.ARW	1/400	100	2026:08:12 20:43:05	2026:08:12 20:43:05+02:00
DSC07031.ARW	1/400	100	2026:08:12 20:43:35	2026:08:12 20:43:35+02:00
DSC07032.ARW	1/400	100	2026:08:12 20:44:04	2026:08:12 20:44:04+02:00
DSC07033.ARW	1/400	100	2026:08:12 20:44:34	2026:08:12 20:44:34+02:00
DSC07034.ARW	1/400	100	2026:08:12 20:45:04	2026:08:12 20:45:04+02:00
DSC07035.ARW	1/400	100	2026:08:12 20:45:34	2026:08:12 20:45:34+02:00
DSC07036.ARW	1/400	100	2026:08:12 20:46:03	2026:08:12 20:46:03+02:00
DSC07037.ARW	1/400	100	2026:08:12 20:46:33	2026:08:12 20:46:33+02:00
DSC07038.ARW	1/400	100	2026:08:12 20:47:03	2026:08:12 20:47:03+02:00
DSC07039.ARW	1/400	100	2026:08:12 20:47:33	2026:08:12 20:47:33+02:00
DSC07040.ARW	1/400	100	2026:08:12 20:48:02	2026:08:12 20:48:02+02:00
DSC07041.ARW	1/400	100	2026:08:12 20:48:32	2026:08:12 20:48:32+02:00
DSC07042.ARW	1/400	100	2026:08:12 20:49:02	2026:08:12 20:49:02+02:00
DSC07043.ARW	1/400	100	2026:08:12 20:49:31	2026:08:12 20:49:31+02:00
DSC07044.ARW	1/400	100	2026:08:12 20:50:01	2026:08:12 20:50:01+02:00
DSC07045.ARW	1/400	100	2026:08:12 20:50:31	2026:08:12 20:50:31+02:00
DSC07046.ARW	1/400	100	2026:08:12 20:51:01	2026:08:12 20:51:01+02:00
DSC07047.ARW	1/400	100	2026:08:12 20:51:30	2026:08:12 20:51:30+02:00
DSC07048.ARW	1/400	100	2026:08:12 20:52:00	2026:08:12 20:52:00+02:00
DSC07049.ARW	1/400	100	2026:08:12 20:52:30	2026:08:12 20:52:30+02:00
DSC07050.ARW	1/400	100	2026:08:12 20:52:59	2026:08:12 20:52:59+02:00
DSC07051.ARW	1/400	100	2026:08:12 20:53:29	2026:08:12 20:53:29+02:00
DSC07052.ARW	1/400	100	2026:08:12 20:53:59	2026:08:12 20:53:59+02:00
DSC07053.ARW	1/400	100	2026:08:12 20:54:29	2026:08:12 20:54:29+02:00
DSC07054.ARW	1/400	100	2026:08:12 20:54:58	2026:08:12 20:54:58+02:00
DSC07055.ARW	1/400	100	2026:08:12 20:55:28	2026:08:12 20:55:28+02:00
DSC07056.ARW	1/400	100	2026:08:12 20:55:58	2026:08:12 20:55:58+02:00
DSC07057.ARW	1/400	100	2026:08:12 20:56:28	2026:08:12 20:56:28+02:00
DSC07058.ARW	1/400	100	2026:08:12 20:56:57	2026:08:12 20:56:57+02:00
DSC07059.ARW	1/400	100	2026:08:12 20:57:27	2026:08:12 20:57:27+02:00
DSC07060.ARW	1/400	100	2026:08:12 20:57:57	2026:08:12 20:57:57+02:00
DSC07061.ARW	1/400	100	2026:08:12 20:58:26	2026:08:12 20:58:26+02:00
DSC07062.ARW	1/400	100	2026:08:12 20:58:56	2026:08:12 20:58:56+02:00
DSC07063.ARW	1/400	100	2026:08:12 20:59:26	2026:08:12 20:59:26+02:00
DSC07064.ARW	1/400	100	2026:08:12 20:59:56	2026:08:12 20:59:56+02:00
DSC07065.ARW	1/400	100	2026:08:12 21:00:25	2026:08:12 21:00:25+02:00
DSC07066.ARW	1/400	100	2026:08:12 21:00:55	2026:08:12 21:00:55+02:00
DSC07067.ARW	1/400	100	2026:08:12 21:01:25	2026:08:12 21:01:25+02:00
DSC07068.ARW	1/400	100	2026:08:12 21:01:55	2026:08:12 21:01:55+02:00
DSC07069.ARW	1/400	160	2026:08:12 21:02:24	2026:08:12 21:02:24+02:00
DSC07070.ARW	1/400	12800	2026:08:12 21:02:54	2026:08:12 21:02:54+02:00
DSC07071.ARW	1/400	100	2026:08:12 21:03:24	2026:08:12 21:03:24+02:00
DSC07072.ARW	1/400	100	2026:08:12 21:03:53	2026:08:12 21:03:53+02:00
DSC07073.ARW	1/400	100	2026:08:12 21:04:23	2026:08:12 21:04:23+02:00
DSC07074.ARW	1/400	100	2026:08:12 21:04:53	2026:08:12 21:04:53+02:00
DSC07075.ARW	1/400	100	2026:08:12 21:05:23	2026:08:12 21:05:23+02:00
DSC07076.ARW	1/400	100	2026:08:12 21:05:52	2026:08:12 21:05:52+02:00
DSC07077.ARW	1/400	100	2026:08:12 21:06:22	2026:08:12 21:06:22+02:00
DSC07078.ARW	1/400	100	2026:08:12 21:06:52	2026:08:12 21:06:52+02:00
DSC07079.ARW	1/400	100	2026:08:12 21:07:21	2026:08:12 21:07:21+02:00
DSC07080.ARW	1/400	100	2026:08:12 21:07:51	2026:08:12 21:07:51+02:00
DSC07081.ARW	1/400	100	2026:08:12 21:08:21	2026:08:12 21:08:21+02:00
DSC07082.ARW	1/400	100	2026:08:12 21:08:51	2026:08:12 21:08:51+02:00
DSC07083.ARW	1/400	100	2026:08:12 21:09:20	2026:08:12 21:09:20+02:00
DSC07084.ARW	1/400	100	2026:08:12 21:09:50	2026:08:12 21:09:50+02:00
DSC07085.ARW	1/400	100	2026:08:12 21:10:20	2026:08:12 21:10:20+02:00
DSC07086.ARW	1/400	100	2026:08:12 21:10:50	2026:08:12 21:10:50+02:00
DSC07087.ARW	1/400	100	2026:08:12 21:11:19	2026:08:12 21:11:19+02:00
DSC07088.ARW	1/400	100	2026:08:12 21:11:49	2026:08:12 21:11:49+02:00
DSC07089.ARW	1/400	100	2026:08:12 21:12:19	2026:08:12 21:12:19+02:00
DSC07090.ARW	1/400	100	2026:08:12 21:12:48	2026:08:12 21:12:48+02:00
DSC07091.ARW	1/400	100	2026:08:12 21:13:18	2026:08:12 21:13:18+02:00
DSC07092.ARW	1/400	100	2026:08:12 21:13:48	2026:08:12 21:13:48+02:00
DSC07093.ARW	1/400	100	2026:08:12 21:14:18	2026:08:12 21:14:18+02:00
DSC07094.ARW	1/400	100	2026:08:12 21:14:47	2026:08:12 21:14:47+02:00
DSC07095.ARW	1/400	100	2026:08:12 21:15:17	2026:08:12 21:15:17+02:00
DSC07096.ARW	1/400	100	2026:08:12 21:15:47	2026:08:12 21:15:47+02:00
DSC07097.ARW	1/400	100	2026:08:12 21:16:16	2026:08:12 21:16:16+02:00
DSC07098.ARW	1/400	100	2026:08:12 21:16:46	2026:08:12 21:16:46+02:00
DSC07099.ARW	1/400	100	2026:08:12 21:16:56	2026:08:12 21:16:56+02:00
DSC07100.ARW	1/400	100	2026:08:12 21:17:16	2026:08:12 21:17:16+02:00
DSC07101.ARW	1/800	100	2026:08:12 21:17:28	2026:08:12 21:17:28+02:00
DSC07102.ARW	1/500	100	2026:08:12 21:17:31	2026:08:12 21:17:31+02:00
DSC07103.ARW	1/500	100	2026:08:12 21:17:46	2026:08:12 21:17:46+02:00
DSC07104.ARW	1/500	100	2026:08:12 21:18:15	2026:08:12 21:18:15+02:00
DSC07105.ARW	1/500	100	2026:08:12 21:18:45	2026:08:12 21:18:45+02:00
DSC07106.ARW	1/500	100	2026:08:12 21:19:15	2026:08:12 21:19:15+02:00
DSC07107.ARW	1/500	100	2026:08:12 21:19:45	2026:08:12 21:19:45+02:00
DSC07108.ARW	1/500	100	2026:08:12 21:20:14	2026:08:12 21:20:14+02:00
DSC07109.ARW	1/500	100	2026:08:12 21:20:44	2026:08:12 21:20:44+02:00
DSC07110.ARW	1/500	100	2026:08:12 21:21:14	2026:08:12 21:21:14+02:00
DSC07111.ARW	1/500	100	2026:08:12 21:21:43	2026:08:12 21:21:43+02:00
DSC07112.ARW	1/500	100	2026:08:12 21:22:13	2026:08:12 21:22:13+02:00
DSC07113.ARW	1/400	100	2026:08:12 21:22:33	2026:08:12 21:22:33+02:00
DSC07114.ARW	1/400	100	2026:08:12 21:22:38	2026:08:12 21:22:38+02:00
DSC07115.ARW	1/400	100	2026:08:12 21:22:41	2026:08:12 21:22:41+02:00
DSC07116.ARW	1/400	100	2026:08:12 21:22:43	2026:08:12 21:22:43+02:00
DSC07117.ARW	1/400	100	2026:08:12 21:22:45	2026:08:12 21:22:45+02:00
DSC07118.ARW	1/400	100	2026:08:12 21:22:47	2026:08:12 21:22:47+02:00
DSC07119.ARW	1/400	100	2026:08:12 21:22:58	2026:08:12 21:22:58+02:00
DSC07120.ARW	1/400	100	2026:08:12 21:23:04	2026:08:12 21:23:04+02:00
DSC07121.ARW	1/400	100	2026:08:12 21:23:10	2026:08:12 21:23:10+02:00
