DSC06928.ARW	2026:08:12 19:38:13	-	1/400	100
DSC06929.ARW	2026:08:12 19:38:18	-	1/1000	100
DSC06930.ARW	2026:08:12 19:38:19	-	1/1000	100
DSC06931.ARW	2026:08:12 19:43:30	-	1/400	100
DSC06932.ARW	2026:08:12 19:43:35	-	1/640	100
DSC06933.ARW	2026:08:12 19:44:13	-	1/640	100
DSC06934.ARW	2026:08:12 19:45:44	-	1/1000	100
DSC06935.ARW	2026:08:12 19:46:49	-	1/800	100
DSC06936.ARW	2026:08:12 19:46:52	-	1/800	100
DSC06937.ARW	2026:08:12 19:47:06	-	1/800	100
DSC06938.ARW	2026:08:12 19:47:26	-	1/800	100
DSC06939.ARW	2026:08:12 19:47:28	-	1/1000	100
DSC06940.ARW	2026:08:12 19:47:30	-	1/1000	100
DSC06941.ARW	2026:08:12 19:47:32	-	1/1000	100
DSC06942.ARW	2026:08:12 19:47:41	-	1/1000	100
DSC06943.ARW	2026:08:12 19:47:58	-	1/1000	100
DSC06944.ARW	2026:08:12 19:50:39	-	1/1000	100
DSC06945.ARW	2026:08:12 19:50:42	-	1/1000	100
DSC06946.ARW	2026:08:12 20:01:22	-	1/1000	100
DSC06947.ARW	2026:08:12 20:01:53	-	1/1000	100
DSC06948.ARW	2026:08:12 20:02:25	-	1/1000	100
DSC06949.ARW	2026:08:12 20:02:37	-	1/1000	100
DSC06950.ARW	2026:08:12 20:02:49	-	1/1000	100
DSC06951.ARW	2026:08:12 20:12:04	-	1/1000	100
DSC06952.ARW	2026:08:12 20:12:06	-	1/1000	100
DSC06953.ARW	2026:08:12 20:12:08	-	1/1000	100
DSC06954.ARW	2026:08:12 20:15:36	-	1/1000	100
DSC06955.ARW	2026:08:12 20:19:12	-	1/1000	100
DSC06956.ARW	2026:08:12 20:19:15	-	1/1000	100
DSC06957.ARW	2026:08:12 20:22:21	-	1/400	100
DSC06958.ARW	2026:08:12 20:22:51	-	1/400	100
DSC06959.ARW	2026:08:12 20:23:20	-	1/400	100
DSC06960.ARW	2026:08:12 20:23:50	-	1/400	100
DSC06961.ARW	2026:08:12 20:24:19	-	1/400	100
DSC06962.ARW	2026:08:12 20:24:49	-	1/400	100
DSC06963.ARW	2026:08:12 20:25:18	-	1/400	100
DSC06964.ARW	2026:08:12 20:25:48	-	1/400	100
DSC06965.ARW	2026:08:12 20:26:17	-	1/400	100
DSC06966.ARW	2026:08:12 20:26:47	-	1/400	100
DSC06967.ARW	2026:08:12 20:27:16	-	1/400	100
DSC06968.ARW	2026:08:12 20:27:46	-	1/400	100
DSC06969.ARW	2026:08:12 20:28:15	-	1/400	100
DSC06970.ARW	2026:08:12 20:28:21	-	1/400	100
DSC06971.ARW	2026:08:12 20:28:22	-	1/400	100
DSC06972.ARW	2026:08:12 20:28:23	-	1/400	100
DSC06973.ARW	2026:08:12 20:28:42	-	1/800	100
DSC06974.ARW	2026:08:12 20:28:42	-	1/6400	100
DSC06975.ARW	2026:08:12 20:28:42	-	1/100	100
DSC06976.ARW	2026:08:12 20:28:45	-	1/800	100
DSC06977.ARW	2026:08:12 20:28:45	-	1/6400	100
DSC06978.ARW	2026:08:12 20:28:45	-	1/100	100
DSC06979.ARW	2026:08:12 20:28:48	-	1/800	100
DSC06980.ARW	2026:08:12 20:28:48	-	1/6400	100
DSC06981.ARW	2026:08:12 20:28:48	-	1/100	100
DSC06982.ARW	2026:08:12 20:28:58	-	1/4	100
DSC06983.ARW	2026:08:12 20:28:58	-	1/30	100
DSC06984.ARW	2026:08:12 20:29:00	-	2	100
DSC06985.ARW	2026:08:12 20:29:10	-	1	100
DSC06986.ARW	2026:08:12 20:29:11	-	1/8	100
DSC06987.ARW	2026:08:12 20:29:19	-	8	100
DSC06988.ARW	2026:08:12 20:29:27	-	1	100
DSC06989.ARW	2026:08:12 20:29:28	-	1/8	100
DSC06990.ARW	2026:08:12 20:29:36	-	8	100
DSC06991.ARW	2026:08:12 20:29:44	-	1	100
DSC06992.ARW	2026:08:12 20:29:44	-	1/8	100
DSC06993.ARW	2026:08:12 20:29:52	-	8	100
DSC06994.ARW	2026:08:12 20:30:02	-	1/4	100
DSC06995.ARW	2026:08:12 20:30:02	-	1/30	100
DSC06996.ARW	2026:08:12 20:30:04	-	2	100
DSC06997.ARW	2026:08:12 20:30:07	-	1/4	100
DSC06998.ARW	2026:08:12 20:30:08	-	1/30	100
DSC06999.ARW	2026:08:12 20:30:10	-	2	100
DSC07000.ARW	2026:08:12 20:30:26	-	1/800	100
DSC07001.ARW	2026:08:12 20:30:26	-	1/6400	100
DSC07002.ARW	2026:08:12 20:30:26	-	1/100	100
DSC07003.ARW	2026:08:12 20:30:30	-	1/800	100
DSC07004.ARW	2026:08:12 20:30:30	-	1/6400	100
DSC07005.ARW	2026:08:12 20:30:30	-	1/100	100
DSC07006.ARW	2026:08:12 20:31:12	-	1/400	100
DSC07007.ARW	2026:08:12 20:31:41	-	1/400	100
DSC07008.ARW	2026:08:12 20:32:11	-	1/400	100
DSC07009.ARW	2026:08:12 20:32:41	-	1/400	100
DSC07010.ARW	2026:08:12 20:33:11	-	1/400	100
DSC07011.ARW	2026:08:12 20:33:40	-	1/400	100
DSC07012.ARW	2026:08:12 20:34:10	-	1/400	100
DSC07013.ARW	2026:08:12 20:34:40	-	1/400	100
DSC07014.ARW	2026:08:12 20:35:09	-	1/400	100
DSC07015.ARW	2026:08:12 20:35:39	-	1/400	100
DSC07016.ARW	2026:08:12 20:36:09	-	1/400	100
DSC07017.ARW	2026:08:12 20:36:39	-	1/400	100
DSC07018.ARW	2026:08:12 20:37:08	-	1/400	100
DSC07019.ARW	2026:08:12 20:37:38	-	1/400	100
DSC07020.ARW	2026:08:12 20:38:08	-	1/400	100
DSC07021.ARW	2026:08:12 20:38:38	-	1/400	100
DSC07022.ARW	2026:08:12 20:39:07	-	1/400	100
DSC07023.ARW	2026:08:12 20:39:37	-	1/400	100
DSC07024.ARW	2026:08:12 20:40:07	-	1/400	100
DSC07025.ARW	2026:08:12 20:40:36	-	1/400	100
DSC07026.ARW	2026:08:12 20:41:06	-	1/400	100
DSC07027.ARW	2026:08:12 20:41:36	-	1/400	100
DSC07028.ARW	2026:08:12 20:42:06	-	1/400	100
DSC07029.ARW	2026:08:12 20:42:35	-	1/400	100
DSC07030.ARW	2026:08:12 20:43:05	-	1/400	100
DSC07031.ARW	2026:08:12 20:43:35	-	1/400	100
DSC07032.ARW	2026:08:12 20:44:04	-	1/400	100
DSC07033.ARW	2026:08:12 20:44:34	-	1/400	100
DSC07034.ARW	2026:08:12 20:45:04	-	1/400	100
DSC07035.ARW	2026:08:12 20:45:34	-	1/400	100
DSC07036.ARW	2026:08:12 20:46:03	-	1/400	100
DSC07037.ARW	2026:08:12 20:46:33	-	1/400	100
DSC07038.ARW	2026:08:12 20:47:03	-	1/400	100
DSC07039.ARW	2026:08:12 20:47:33	-	1/400	100
DSC07040.ARW	2026:08:12 20:48:02	-	1/400	100
DSC07041.ARW	2026:08:12 20:48:32	-	1/400	100
DSC07042.ARW	2026:08:12 20:49:02	-	1/400	100
DSC07043.ARW	2026:08:12 20:49:31	-	1/400	100
DSC07044.ARW	2026:08:12 20:50:01	-	1/400	100
DSC07045.ARW	2026:08:12 20:50:31	-	1/400	100
DSC07046.ARW	2026:08:12 20:51:01	-	1/400	100
DSC07047.ARW	2026:08:12 20:51:30	-	1/400	100
DSC07048.ARW	2026:08:12 20:52:00	-	1/400	100
DSC07049.ARW	2026:08:12 20:52:30	-	1/400	100
DSC07050.ARW	2026:08:12 20:52:59	-	1/400	100
DSC07051.ARW	2026:08:12 20:53:29	-	1/400	100
DSC07052.ARW	2026:08:12 20:53:59	-	1/400	100
DSC07053.ARW	2026:08:12 20:54:29	-	1/400	100
DSC07054.ARW	2026:08:12 20:54:58	-	1/400	100
DSC07055.ARW	2026:08:12 20:55:28	-	1/400	100
DSC07056.ARW	2026:08:12 20:55:58	-	1/400	100
DSC07057.ARW	2026:08:12 20:56:28	-	1/400	100
DSC07058.ARW	2026:08:12 20:56:57	-	1/400	100
DSC07059.ARW	2026:08:12 20:57:27	-	1/400	100
DSC07060.ARW	2026:08:12 20:57:57	-	1/400	100
DSC07061.ARW	2026:08:12 20:58:26	-	1/400	100
DSC07062.ARW	2026:08:12 20:58:56	-	1/400	100
DSC07063.ARW	2026:08:12 20:59:26	-	1/400	100
DSC07064.ARW	2026:08:12 20:59:56	-	1/400	100
DSC07065.ARW	2026:08:12 21:00:25	-	1/400	100
DSC07066.ARW	2026:08:12 21:00:55	-	1/400	100
DSC07067.ARW	2026:08:12 21:01:25	-	1/400	100
DSC07068.ARW	2026:08:12 21:01:55	-	1/400	100
DSC07069.ARW	2026:08:12 21:02:24	-	1/400	160
DSC07070.ARW	2026:08:12 21:02:54	-	1/400	12800
DSC07071.ARW	2026:08:12 21:03:24	-	1/400	100
DSC07072.ARW	2026:08:12 21:03:53	-	1/400	100
DSC07073.ARW	2026:08:12 21:04:23	-	1/400	100
DSC07074.ARW	2026:08:12 21:04:53	-	1/400	100
DSC07075.ARW	2026:08:12 21:05:23	-	1/400	100
DSC07076.ARW	2026:08:12 21:05:52	-	1/400	100
DSC07077.ARW	2026:08:12 21:06:22	-	1/400	100
DSC07078.ARW	2026:08:12 21:06:52	-	1/400	100
DSC07079.ARW	2026:08:12 21:07:21	-	1/400	100
DSC07080.ARW	2026:08:12 21:07:51	-	1/400	100
DSC07081.ARW	2026:08:12 21:08:21	-	1/400	100
DSC07082.ARW	2026:08:12 21:08:51	-	1/400	100
DSC07083.ARW	2026:08:12 21:09:20	-	1/400	100
DSC07084.ARW	2026:08:12 21:09:50	-	1/400	100
DSC07085.ARW	2026:08:12 21:10:20	-	1/400	100
DSC07086.ARW	2026:08:12 21:10:50	-	1/400	100
DSC07087.ARW	2026:08:12 21:11:19	-	1/400	100
DSC07088.ARW	2026:08:12 21:11:49	-	1/400	100
DSC07089.ARW	2026:08:12 21:12:19	-	1/400	100
DSC07090.ARW	2026:08:12 21:12:48	-	1/400	100
DSC07091.ARW	2026:08:12 21:13:18	-	1/400	100
DSC07092.ARW	2026:08:12 21:13:48	-	1/400	100
DSC07093.ARW	2026:08:12 21:14:18	-	1/400	100
DSC07094.ARW	2026:08:12 21:14:47	-	1/400	100
DSC07095.ARW	2026:08:12 21:15:17	-	1/400	100
DSC07096.ARW	2026:08:12 21:15:47	-	1/400	100
DSC07097.ARW	2026:08:12 21:16:16	-	1/400	100
DSC07098.ARW	2026:08:12 21:16:46	-	1/400	100
DSC07099.ARW	2026:08:12 21:16:56	-	1/400	100
DSC07100.ARW	2026:08:12 21:17:16	-	1/400	100
DSC07101.ARW	2026:08:12 21:17:28	-	1/800	100
DSC07102.ARW	2026:08:12 21:17:31	-	1/500	100
DSC07103.ARW	2026:08:12 21:17:46	-	1/500	100
DSC07104.ARW	2026:08:12 21:18:15	-	1/500	100
DSC07105.ARW	2026:08:12 21:18:45	-	1/500	100
DSC07106.ARW	2026:08:12 21:19:15	-	1/500	100
DSC07107.ARW	2026:08:12 21:19:45	-	1/500	100
DSC07108.ARW	2026:08:12 21:20:14	-	1/500	100
DSC07109.ARW	2026:08:12 21:20:44	-	1/500	100
DSC07110.ARW	2026:08:12 21:21:14	-	1/500	100
DSC07111.ARW	2026:08:12 21:21:43	-	1/500	100
DSC07112.ARW	2026:08:12 21:22:13	-	1/500	100
DSC07113.ARW	2026:08:12 21:22:33	-	1/400	100
DSC07114.ARW	2026:08:12 21:22:38	-	1/400	100
DSC07115.ARW	2026:08:12 21:22:41	-	1/400	100
DSC07116.ARW	2026:08:12 21:22:43	-	1/400	100
DSC07117.ARW	2026:08:12 21:22:45	-	1/400	100
DSC07118.ARW	2026:08:12 21:22:47	-	1/400	100
DSC07119.ARW	2026:08:12 21:22:58	-	1/400	100
DSC07120.ARW	2026:08:12 21:23:04	-	1/400	100
DSC07121.ARW	2026:08:12 21:23:10	-	1/400	100
