HIP,Vmag,sep_deg,ra_app,dec_app,ra_j2000,dec_j2000,plx_mas,SpType,HD,BV,r_Rsol,px_sony,px_r6,sony,r6,PA_deg,snr_sony_11,snr_r6_11,snr_sony_12,snr_r6_12,snr_sony_14,snr_r6_14,exp_sony,exp_r6
46335,7.77,0.5718003194179132,141.6954517135917,14.49531683312594,141.70144544,14.49405705,9.35,A3,81581,0.308,2.173525874438518,636.5124149364526,953.8837580651008,SEGUR,SEGUR,224.06585403364096,2.7089612474612896,4.401317379286624,5.430652400812016,5.090922673795487,6.030038843953279,11.447228423577483,"2,1","2,1,0.5"
46345,6.83,0.7036103090289345,141.73047887362466,14.304398835038102,141.7363284,14.30321986,4.79,K2,81595,1.387,2.6745616612332395,783.2396760989994,1173.7706730788527,SEGUR,SEGUR,211.19163082948987,13.63232277575104,25.873601394279536,17.29345799054926,32.7999734992078,21.27239444505495,40.309587103903354,"2,1","10.3,2,1,0.5"
46745,7.66,1.1598148494057472,142.9069445235717,15.77196511289308,142.91265279,15.77012578,3.41,K0,82332,1.154,4.4086851635683635,1291.074043865396,1934.8162455332208,SEGUR,SEGUR,41.78078157105871,7.644269493298405,14.507051225289517,18.98141167597895,21.5738835317808,33.47497445170998,37.80525265793213,"8,2,1","10.3,2,1,0.5"
46415,7.79,1.1638268492070565,141.9751356363874,13.750254541329015,141.98116435,13.74897275,7.19,G5,81762,0.834,4.423935566690322,1295.5400918816954,1941.5091089645057,SEGUR,SEGUR,186.34246878735303,6.786750291724176,12.880165094964566,16.8675698825541,19.172821877768776,29.852452217106997,33.71998320004222,"8,2,1","10.3,2,1,0.5"
46650,7.67,1.511736654355934,142.66832858610653,13.497369697779886,142.67387437,13.49603954,4.69,K0,82176,1.052,5.746409405515287,1682.823733976921,2521.896179648453,SEGUR,POSSIBLE,158.8690868960805,7.758777130994112,14.723525179751135,19.872931513264987,22.57934992429929,40.35831089056153,45.37737808260282,"8,2,1","10.3,2,1,0.5"
45989,7.75,1.6216162564116303,140.68692667328176,15.777984845346484,140.69237304,15.77677316,5.43,A2,80889,0.165,6.164083460654301,1805.1386898830765,2705.1985741806625,SEGUR,POSSIBLE,302.76035134065125,7.235189464691682,13.730157524280598,18.62923651630386,21.16628346966564,38.96136178786963,43.77051327920824,"8,2,1","10.3,2,1,0.5"
45874,6.57,1.7964825157730084,140.30805900996407,15.37306449502762,140.31403563,15.37136629,4.3,A1V,80613,-0.003,6.828784627094967,1999.795008281642,2996.912445219106,SEGUR,POSSIBLE,285.35917131447366,21.40962067967283,40.6019628366408,54.9785627188537,62.36950233029301,113.24311619766753,126.46702168092254,"8,2,1","10.3,2,1,0.5"
46232,6.31,1.819646553044698,141.37917903786757,16.587234430924884,141.38562969,16.58564659,11.99,G9III:,81361,0.968,6.91683570481687,2025.5805785284208,3035.5549541060764,SEGUR,POSSIBLE,337.6019130849856,27.15296229600503,51.480241817106695,69.55341848822738,78.85684471078028,141.30784626465967,157.5210761120421,"8,2,1","10.3,2,1,0.5"
47035,7.89,1.824737617687908,143.78403080647922,14.077344017702766,143.78963532,14.07565697,3.94,B9,82906,-0.098,6.936187846385661,2031.2478118974857,3044.0479257073534,SEGUR,POSSIBLE,116.93521130289734,6.387704667436546,12.122263631336624,16.547991047743263,18.802136140538476,35.91541327843153,40.3090203499185,"8,2,1","10.3,2,1,0.5"
46311,7.97,1.8451815014460449,141.65216770854877,16.700099070928495,141.65787042,16.69831808,2.42,M...,81540,1.621,7.013899083706338,2054.00538194365,3078.1526437468774,SEGUR,POSSIBLE,346.4837802789502,5.937017716709039,11.267200702835222,15.391668282328414,17.489060449133905,33.56126847638446,37.66905886598592,"8,2,1","10.3,2,1,0.5"
47096,6.32,1.873999005662784,143.9646105045518,14.381376448880893,143.9704538,14.3795934,6.39,A1V,83023,0.027,7.123440105151702,2086.084236359314,3126.226330114005,SEGUR,POSSIBLE,106.15535859246596,26.9300577100943,51.05801050113633,69.07359302167889,78.31301547299519,141.35037967406907,157.5196116165536,"8,2,1","10.3,2,1,0.5"
46713,6.92,2.1638687587798473,142.82873208847485,12.860399647635113,142.83404931,12.8589107,5.2,K0,82265,1.055,8.225292250422303,2408.759286211333,3609.7903297532207,SEGUR,POSSIBLE,161.07488520481323,15.618972323829981,29.6278984594625,40.50319301673508,45.97154142972809,88.47242543549761,98.78722731872314,"8,2,1","10.3,2,1,0.5"
46453,7.69,2.2314201061252503,142.10560196977727,12.675788420248526,142.11219745,12.67529555,11.42,G0,81856,0.669,8.482068254776205,2483.9555912340447,3722.480251182067,SEGUR,POSSIBLE,180.09342145939172,7.7125850003233225,14.635497725699222,20.10271706874839,22.836044267004343,45.43520295302061,50.87135091804467,"8,2,1","10.3,2,1,0.5"
46486,7.72,2.3242189687163988,142.21345411368262,12.58535643082168,142.21866032,12.58409049,3.72,G5,81900,1.316,8.834815047862392,2587.2567369755834,3877.2883630116016,SEGUR,POSSIBLE,177.49708445374193,7.507597231059442,14.246627231239618,19.58807125233895,22.251695822539755,44.58444491520483,49.90934454060463,"8,2,1","10.3,2,1,0.5"
47266,6.63,2.3826397000121093,144.49931774905514,14.348532375013168,144.50547905,14.3474546,15.51,F2,83343,0.438,9.056883778436225,2652.2890909225703,3974.746487508616,POSSIBLE,POSSIBLE,103.35272758914975,20.392764500972703,38.674693845245606,52.85214031484532,59.95564355775229,115.02165243726346,128.13693412916504,"8,2,1","10.3,2,1,0.5"
45894,6.98,2.391156770470066,140.35040529432962,16.599734180262896,140.35626206,16.59840896,7.84,A5,80652,0.28,9.089258844322211,2661.770059892467,3988.954760747098,POSSIBLE,POSSIBLE,315.38831122425444,14.806146444098339,28.08698506606603,38.495124303403024,43.69487249313062,85.5279546258643,95.45841916752315,"8,2,1","10.3,2,1,0.5"
47196,7.84,2.4723348172132753,144.2755593785249,16.22731224713767,144.28152579,16.22591512,8.29,F8,83190,0.528,9.397832622686591,2752.135232519416,4124.37689618526,POSSIBLE,POSSIBLE,57.53676525700379,6.729802822232377,12.771102953134456,17.588242295919947,19.981353552495616,40.51691945797906,45.35293058479111,"8,2,1","10.3,2,1,0.5"
45879,6.67,2.4933992963202836,140.32134715872186,13.112565962816156,140.32724973,13.11164715,22.11,F8V,80654,0.507,9.477902865419685,2775.583632267477,4159.516898402697,POSSIBLE,POSSIBLE,224.28276295332384,19.672542597741376,37.30997846247727,51.04970604188365,57.9146033472868,112.00133258797062,124.76277546117055,"8,2,1","10.3,2,1,0.5"
46392,7.46,2.5139907200037896,141.89621486259094,12.40145468294694,141.90130138,12.40037481,3.62,K0,81707,1.154,9.556174931117702,2798.5054397073727,4193.8677442139215,POSSIBLE,FORA,184.76112135534055,9.54156629687499,18.104580901826065,24.904779502269562,28.28456973287747,56.845397247505076,63.55087699300082,"8,2,1","10.3,2,1,0.5"
46464,6.88,2.520406320959254,142.13335872365886,12.386947696413804,142.13964301,12.38534386,6.13,G5,81872,1.04,9.580561896642608,2805.647110529782,4204.570322267523,POSSIBLE,FORA,179.47723563310055,16.236814557590158,30.79883551942143,42.22297393003778,47.91826531408297,93.9323868658239,104.74937846525614,"8,2,1","10.3,2,1,0.5"
47189,5.73,2.575292242824725,144.25511802309708,16.439796474046194,144.2607944,16.43795912,3.42,K1III,83189,1.223,9.789194118881404,2866.7446116787287,4296.13163770575,POSSIBLE,FORA,53.290371994003394,46.294458632788256,87.69286461945096,118.4781626880702,134.04660117594256,239.5369257890178,264.903396612539,"8,2,1","10.3,2,1,0.5"
47022,6.81,2.756260758731643,143.74320919906694,12.656109200037582,143.74875205,12.65456383,5.19,B9,82865,-0.023,10.477091166897816,3068.1937945064674,4598.025362110248,POSSIBLE,FORA,144.6534784980777,17.32584574078735,32.86283020771877,45.083794232962994,51.15810441760385,100.73019241885912,112.23643450200511,"8,2,1","10.3,2,1,0.5"
46545,7.26,2.7592135076073694,142.38154120635872,17.65367166531017,142.38728741,17.65187197,2.16,K0,81977,1.489,10.48831514817968,3071.480713477591,4602.951171170774,POSSIBLE,FORA,5.569040875056998,11.473315968831587,21.767957582425844,29.953850753899378,34.01111496186578,68.48291488724794,76.46834547996475,"8,2,1","10.3,2,1,0.5"
45827,7.77,2.9080016108170574,140.15337158459153,17.129022005042756,140.15917874,17.12736693,5.75,F2,80510,0.37,11.053888095855012,3237.1075445087836,4851.161167257371,POSSIBLE,FORA,320.1800388477035,7.187526242916002,13.639384162393414,18.821067233704923,21.380305731892708,43.98354664963847,49.18789328275505,"8,2,1","10.3,2,1,0.5"
46149,7.13,2.9454736603948866,141.16914565581598,17.712280033308506,141.17477629,17.71058246,2.21,K2,81193,1.508,11.196326752427584,3278.820401181692,4913.672464050785,POSSIBLE,FORA,342.4618378354802,12.931378324528296,24.53259752619759,33.75548702606254,38.321270684079124,77.09333405612138,86.01386064574407,"8,2,1","10.3,2,1,0.5"
47262,7.91,2.9953730756049866,144.48842862049327,16.835737564840763,144.49419634,16.83406071,3.91,G5,83327,0.976,11.386004278646723,3334.3670600426567,4996.915232705261,POSSIBLE,FORA,49.69908880044873,6.321413168516913,11.996289064408241,16.566247474130837,18.820624993461692,38.947200919236494,43.567312973622414,"8,2,1","10.3,2,1,0.5"
45462,7.8,3.0357222946357356,138.9650663430848,15.010233786606529,138.97095718,15.00868949,6.75,F0,79681,0.358,11.539379624197418,3379.2827027485,5064.226256111515,POSSIBLE,FORA,272.4460285100234,6.994211821524386,13.272653310169076,18.324738335740964,20.81683138010297,42.99799294099779,48.08256005213605,"8,2,1","10.3,2,1,0.5"
47388,7.02,3.0733594981391628,144.81582992717847,13.314469125705656,144.82193508,13.31253835,16.54,F7V,83509,0.475,11.6824460634388,3421.1794042365445,5127.013064550966,POSSIBLE,FORA,120.97342900242242,14.306535898147258,27.139702573086897,37.33136234870612,42.37427060166658,85.0372805179034,94.81402897650553,"8,2,1","10.3,2,1,0.5"
45410,5.36,3.19237410431815,138.8018313879201,14.943117666294407,138.80781962,14.9415367,4.65,K1III,79554,1.319,12.134844072291742,3553.663195901466,5325.554576249,POSSIBLE,FORA,271.1661380976834,64.72799747250004,122.50820676744159,164.41283713842412,185.6825005219424,319.8542584220946,352.20151672434423,"8,2,1","10.3,2,1,0.5"
47291,6.74,3.223530807250984,144.5613582090333,12.738111536665444,144.56695073,12.7362927,3.29,G8III,83362,0.912,12.253276849761416,3588.3459820975704,5377.530540363087,POSSIBLE,FORA,132.08547332348803,18.490730497823705,35.07033222631489,48.15638247118258,54.63666381894047,108.22813551580262,120.47305800128906,"8,2,1","10.3,2,1,0.5"
47557,7.97,3.322286797953559,145.43584003554122,15.7570449610684,145.44166321,15.7551947,2.86,K0,83891,1.03,12.628667862600242,3698.278439280399,5542.276400663954,POSSIBLE,FORA,74.83935357042525,5.986192984180317,11.360296763571938,15.7056949067054,17.843442957156856,37.24954454053505,41.660608563466035,"8,2,1","10.3,2,1,0.5"
47274,7.95,3.3690726535198947,144.5135020715989,17.356873123402096,144.51907557,17.35550915,1.07,K0,83326,1.374,12.806510134067832,3750.359169038844,5620.3250939164145,POSSIBLE,FORA,43.126772815316144,6.097701717542128,11.571849925015595,15.999097167377876,18.176531623663134,37.960908995319585,42.452382375397015,"8,2,1","10.3,2,1,0.5"
46137,7.18,3.3696572924584127,141.12415401089984,18.142913028806703,141.13012694,18.14146111,6.1,G0III,81163,0.749,12.80873246206752,3751.009973052037,5621.300395204025,POSSIBLE,FORA,344.02136876102014,12.362444132038421,23.45382497647846,32.320147914352326,36.693476303553055,74.63992663097179,83.25680037853829,"8,2,1","10.3,2,1,0.5"
45855,7.96,3.4651686790338134,140.2310297554397,11.960292684494467,140.23678755,11.95867603,3.51,F0,80582,0.347,13.171790094208166,3857.3306260116665,5780.633570213961,POSSIBLE,FORA,212.0630955449939,6.042854689578525,11.467790229534277,15.859292775523027,18.01776490388633,37.7050075619111,42.163821191221835,"8,2,1","10.3,2,1,0.5"
47468,6.96,3.4800233343304563,145.14161909341055,13.054763748023998,145.14679771,13.05406058,23.76,F8,83683,0.477,13.228255570960586,3873.866420404961,5805.4142741379255,POSSIBLE,FORA,121.88224221477715,15.12556710857029,28.692268946974664,39.49193352625176,44.822081546318685,90.33867795727524,100.65402554826576,"8,2,1","10.3,2,1,0.5"
45992,7.69,3.4981602098253015,140.6954617390709,18.13371290943159,140.70094723,18.13203262,4.09,K0,80888,1.346,13.29719741452172,3894.055892198852,5835.670414907825,POSSIBLE,FORA,337.5607412685054,7.744178321840594,14.695292815706338,20.305927799821504,23.065210084735998,47.93901614942303,53.56723912486171,"8,2,1","10.3,2,1,0.5"
45699,6.61,3.60467478312841,139.73843561213744,17.706102168189776,139.74545459,17.70568032,25.51,F5,80218,0.487,13.702080331192285,4012.624990495447,6013.359230427375,POSSIBLE,FORA,321.3560738660311,20.83631797210517,39.51471240891398,54.24116632292382,61.524061216166935,121.5358488048872,135.13348009823648,"8,2,1","10.3,2,1,0.5"
46771,4.99,3.70549258526997,142.9803054461564,11.300965612488287,142.98663458,11.3000307,13.67,K0IIIvar,82395,1.046,14.085308696265209,4124.852599558408,6181.544627883175,POSSIBLE,FORA,166.7013499994639,90.18075933654328,170.4896508068541,226.36275121837986,255.0600030064773,417.10848846319914,457.4734153745333,"8,2,1","10.3,2,1,0.5"
47551,7.91,3.780451470447787,145.40624349077413,12.900391199632695,145.41137426,12.89867953,4.56,G5,83871,1.001,14.370242213999,4208.294772298093,6306.591887679349,POSSIBLE,FORA,121.7515937764393,6.3294148487230135,12.011436250482614,16.618238734433554,18.879279028885772,39.63756018771656,44.31007313665826,"8,2,1","10.3,2,1,0.5"
47723,5.36,3.8048571013309744,145.92755049109977,14.02350578497887,145.93292295,14.02170696,4.57,M2III,84194,1.61,14.463012834100445,4235.462450461197,6347.305637067428,POSSIBLE,FORA,103.04345146799469,64.78233420204712,122.61024498143848,164.7339449836499,186.03836530249333,322.23802253680185,354.648359904057,"8,2,1","10.3,2,1,0.5"
45170,6.49,3.906122723521406,138.0635258324874,14.999533364472525,138.07443958,14.99544127,48.83,G9V,79096,0.731,14.847943451568588,4348.188560506203,6516.238092992152,POSSIBLE,FORA,271.9717383057482,23.256054714795322,44.098608959485496,60.48317006386285,68.5861377936037,134.6604198640883,149.58542208630254,"8,2,1","10.3,2,1,0.5"
47706,7.06,3.956472556489939,145.89682864054717,13.443438178307437,145.90157268,13.44216051,6.32,K0,84182,1.182,15.039333104589714,4404.236612048169,6600.232253644012,POSSIBLE,FORA,111.33694538717656,13.808796330332216,26.196008694013884,36.10771771072541,40.98654913936131,83.49256091095961,93.04437364829377,"8,2,1","10.3,2,1,0.5"
