572A3293.CR3	0.003125	35
572A3294.CR3	0.003125	38
572A3295.CR3	0.003125	39
572A3296.CR3	0.0003125	39
572A3297.CR3	0.0003125	39
572A3298.CR3	0.0003125	39
572A3299.CR3	0.0003125	39
572A3300.CR3	0.0003125	39
572A3301.CR3	0.0003125	39
572A3302.CR3	0.0003125	39
572A3303.CR3	0.0003125	39
572A3304.CR3	0.0003125	39
572A3305.CR3	0.0003125	40
572A3306.CR3	0.0003125	40
572A3307.CR3	0.0003125	40
572A3308.CR3	0.0003125	40
572A3309.CR3	0.0003125	40
572A3310.CR3	0.0003125	40
572A3311.CR3	0.0003125	40
572A3312.CR3	0.0003125	40
572A3313.CR3	0.0003125	40
572A3314.CR3	0.0003125	40
572A3315.CR3	0.0003125	40
572A3316.CR3	0.0003125	40
572A3317.CR3	0.0003125	40
572A3318.CR3	0.0003125	40
572A3319.CR3	0.0003125	40
572A3320.CR3	0.0003125	40
572A3321.CR3	0.0003125	40
572A3322.CR3	0.0003125	40
572A3323.CR3	0.0003125	40
572A3324.CR3	0.0003125	40
572A3325.CR3	0.0003125	40
572A3326.CR3	0.0003125	40
572A3327.CR3	0.0005	41
572A3328.CR3	0.002	41
572A3329.CR3	0.008	41
572A3330.CR3	0.03333333333	41
572A3331.CR3	0.125	41
572A3332.CR3	0.5	41
572A3333.CR3	0.001	41
572A3334.CR3	0.004	41
572A3335.CR3	0.01666666667	41
572A3336.CR3	0.06666666667	41
572A3337.CR3	0.25	41
572A3338.CR3	1	41
572A3339.CR3	2	41
572A3340.CR3	2	41
572A3341.CR3	2	40
572A3342.CR3	10	40
572A3343.CR3	10	40
572A3344.CR3	10	40
572A3345.CR3	0.0005	40
572A3346.CR3	0.002	40
572A3347.CR3	0.008	40
572A3348.CR3	0.03333333333	40
572A3349.CR3	0.125	40
572A3350.CR3	0.5	40
572A3351.CR3	0.001	40
572A3352.CR3	0.004	40
572A3353.CR3	0.01666666667	41
572A3354.CR3	0.06666666667	41
572A3355.CR3	0.25	41
572A3356.CR3	1	41
572A3357.CR3	0.0003125	41
572A3358.CR3	0.0003125	41
572A3359.CR3	0.0003125	41
572A3360.CR3	0.0003125	41
572A3361.CR3	0.0003125	41
572A3362.CR3	0.0003125	41
572A3363.CR3	0.0003125	41
572A3364.CR3	0.0003125	41
572A3365.CR3	0.0003125	41
572A3366.CR3	0.0003125	41
572A3367.CR3	0.0003125	41
572A3368.CR3	0.0003125	41
572A3369.CR3	0.0003125	41
572A3370.CR3	0.0003125	41
572A3371.CR3	0.0003125	41
572A3372.CR3	0.0003125	41
572A3373.CR3	0.0003125	41
572A3374.CR3	0.0003125	41
572A3375.CR3	0.0003125	41
572A3376.CR3	0.0003125	42
572A3377.CR3	0.0003125	42
572A3378.CR3	0.0003125	42
572A3379.CR3	0.0003125	42
572A3380.CR3	0.0003125	42
572A3381.CR3	0.0003125	42
572A3382.CR3	0.0003125	42
572A3383.CR3	0.0003125	42
572A3384.CR3	0.0003125	42
572A3385.CR3	0.0003125	42
572A3386.CR3	0.0003125	42
572A3387.CR3	0.0003125	42
572A3388.CR3	0.0003125	42
572A3389.CR3	0.0003125	42
572A3390.CR3	0.0003125	42
572A3391.CR3	0.0003125	42
572A3392.CR3	0.0003125	42
572A3393.CR3	0.0003125	42
572A3394.CR3	0.0003125	42
572A3395.CR3	0.0003125	42
572A3396.CR3	0.0003125	42
572A3397.CR3	0.0003125	42
572A3398.CR3	0.0003125	42
572A3399.CR3	0.0003125	42
572A3400.CR3	0.0003125	42
572A3401.CR3	0.0003125	42
572A3402.CR3	0.0003125	42
572A3403.CR3	0.0003125	42
572A3404.CR3	0.0003125	43
572A3405.CR3	0.003125	42
572A3406.CR3	0.003125	43
572A3407.CR3	0.003125	43
572A3408.CR3	0.0003125	43
572A3409.CR3	0.0003125	43
572A3410.CR3	0.0003125	43
572A3411.CR3	0.0003125	43
572A3412.CR3	0.0003125	43
572A3413.CR3	0.0003125	43
572A3414.CR3	0.0003125	43
572A3415.CR3	0.0003125	43
572A3416.CR3	0.0003125	43
572A3417.CR3	0.0003125	43
572A3418.CR3	0.0003125	44
572A3419.CR3	0.0003125	44
572A3420.CR3	0.0003125	44
572A3421.CR3	0.0003125	44
572A3422.CR3	0.0003125	44
572A3423.CR3	0.0003125	44
572A3424.CR3	0.0003125	44
572A3425.CR3	0.0003125	44
572A3426.CR3	0.0003125	44
572A3427.CR3	0.0003125	44
572A3428.CR3	0.0003125	44
572A3429.CR3	0.0003125	44
572A3430.CR3	0.0003125	44
572A3431.CR3	0.0003125	44
572A3432.CR3	0.0003125	44
572A3433.CR3	0.0003125	44
572A3434.CR3	0.0003125	44
572A3435.CR3	0.0003125	44
572A3436.CR3	0.0003125	44
572A3437.CR3	0.0003125	44
572A3438.CR3	0.0003125	44
572A3439.CR3	0.0005	44
572A3440.CR3	0.002	44
572A3441.CR3	0.008	44
572A3442.CR3	0.03333333333	44
572A3443.CR3	0.125	44
572A3444.CR3	0.5	44
572A3445.CR3	0.001	44
572A3446.CR3	0.004	44
572A3447.CR3	0.01666666667	44
572A3448.CR3	0.06666666667	44
572A3449.CR3	0.25	44
572A3450.CR3	1	44
572A3451.CR3	2	44
572A3452.CR3	2	44
572A3453.CR3	2	44
572A3454.CR3	10	44
572A3455.CR3	10	44
572A3456.CR3	10	44
572A3457.CR3	0.0005	43
572A3458.CR3	0.002	44
572A3459.CR3	0.008	44
572A3460.CR3	0.03333333333	44
572A3461.CR3	0.125	44
572A3462.CR3	0.5	44
572A3463.CR3	0.001	44
572A3464.CR3	0.004	44
572A3465.CR3	0.01666666667	44
572A3466.CR3	0.06666666667	44
572A3467.CR3	0.25	44
572A3468.CR3	1	44
572A3469.CR3	0.0003125	44
572A3470.CR3	0.0003125	44
572A3471.CR3	0.0003125	44
572A3472.CR3	0.0003125	44
572A3473.CR3	0.0003125	44
572A3474.CR3	0.0003125	44
572A3475.CR3	0.0003125	44
572A3476.CR3	0.0003125	44
572A3520.CR3	0.003125	42
572A3521.CR3	0.003125	43
572A3522.CR3	0.0003125	43
572A3523.CR3	0.0003125	43
572A3524.CR3	0.0003125	43
572A3525.CR3	0.0003125	43
572A3526.CR3	0.0003125	43
572A3527.CR3	0.0003125	43
572A3528.CR3	0.0003125	43
572A3529.CR3	0.0003125	43
572A3530.CR3	0.0003125	43
572A3531.CR3	0.0003125	43
572A3532.CR3	0.0003125	43
572A3533.CR3	0.0003125	43
572A3534.CR3	0.0003125	43
572A3535.CR3	0.0003125	43
572A3536.CR3	0.0003125	44
572A3537.CR3	0.0003125	44
572A3538.CR3	0.0003125	44
572A3539.CR3	0.0003125	44
572A3540.CR3	0.0003125	44
572A3541.CR3	0.0003125	44
572A3542.CR3	0.0003125	44
572A3543.CR3	0.0003125	44
572A3544.CR3	0.0003125	44
572A3545.CR3	0.0003125	44
572A3546.CR3	0.0003125	44
572A3547.CR3	0.0003125	44
572A3548.CR3	0.0003125	44
572A3549.CR3	0.0003125	44
572A3550.CR3	0.0003125	44
572A3551.CR3	0.0003125	44
572A3552.CR3	0.0003125	44
572A3553.CR3	0.0005	44
572A3554.CR3	0.002	44
572A3555.CR3	0.008	44
572A3556.CR3	0.03333333333	44
572A3557.CR3	0.125	44
572A3558.CR3	0.5	44
572A3559.CR3	0.001	44
572A3560.CR3	0.004	44
572A3561.CR3	0.01666666667	44
572A3562.CR3	0.06666666667	44
572A3563.CR3	0.25	44
572A3564.CR3	1	44
572A3565.CR3	2	44
572A3566.CR3	2	44
572A3567.CR3	2	44
572A3568.CR3	10	44
572A3569.CR3	10	43
572A3570.CR3	10	43
572A3571.CR3	0.0005	43
572A3572.CR3	0.002	43
572A3573.CR3	0.008	43
572A3574.CR3	0.03333333333	43
572A3575.CR3	0.125	44
572A3576.CR3	0.5	44
572A3577.CR3	0.001	44
572A3578.CR3	0.004	44
572A3579.CR3	0.01666666667	44
572A3580.CR3	0.06666666667	44
572A3581.CR3	0.25	44
572A3582.CR3	1	44
572A3583.CR3	0.0003125	44
572A3584.CR3	0.0003125	44
572A3585.CR3	0.0003125	44
572A3586.CR3	0.0003125	44
572A3587.CR3	0.0003125	44
572A3588.CR3	0.0003125	44
572A3589.CR3	0.0003125	44
572A3590.CR3	0.0003125	44
572A3591.CR3	0.0003125	44
572A3592.CR3	0.0003125	44
572A3593.CR3	0.0003125	44
572A3594.CR3	0.0003125	44
572A3595.CR3	0.0003125	44
572A3596.CR3	0.0003125	44
572A3597.CR3	0.0003125	44
572A3598.CR3	0.0003125	44
572A3599.CR3	0.0003125	44
572A3974.CR3	0.003125	37
572A3975.CR3	0.003125	38
572A3976.CR3	0.0003125	38
572A3977.CR3	0.0003125	38
572A3978.CR3	0.0003125	38
572A3979.CR3	0.0003125	38
572A3980.CR3	0.0003125	38
572A3981.CR3	0.0003125	38
572A3982.CR3	0.0003125	38
572A3983.CR3	0.0003125	38
572A3984.CR3	0.0003125	38
572A3985.CR3	0.0003125	38
572A3986.CR3	0.0003125	38
572A3987.CR3	0.0003125	38
572A3988.CR3	0.0003125	38
572A3989.CR3	0.0003125	38
572A3990.CR3	0.0003125	38
572A3991.CR3	0.0003125	39
572A3992.CR3	0.0003125	39
572A3993.CR3	0.0003125	39
572A3994.CR3	0.0003125	39
572A3995.CR3	0.0003125	39
572A3996.CR3	0.0003125	39
572A3997.CR3	0.0003125	39
572A3998.CR3	0.0003125	39
572A3999.CR3	0.0003125	39
572A4000.CR3	0.0003125	39
572A4001.CR3	0.0003125	39
572A4002.CR3	0.0003125	39
572A4003.CR3	0.0003125	39
572A4004.CR3	0.0003125	39
572A4005.CR3	0.0003125	39
572A4006.CR3	0.0003125	39
572A4007.CR3	0.0005	39
572A4008.CR3	0.002	39
572A4009.CR3	0.008	39
572A4010.CR3	0.03333333333	39
572A4011.CR3	0.125	39
572A4012.CR3	0.5	39
572A4013.CR3	0.001	39
572A4014.CR3	0.004	39
572A4015.CR3	0.01666666667	39
572A4016.CR3	0.06666666667	39
572A4017.CR3	0.25	39
572A4018.CR3	1	39
572A4019.CR3	2	39
572A4020.CR3	2	39
572A4021.CR3	2	39
572A4022.CR3	10	39
572A4023.CR3	10	38
572A4024.CR3	10	38
572A4025.CR3	0.0005	38
572A4026.CR3	0.002	38
572A4027.CR3	0.008	39
572A4028.CR3	0.03333333333	39
572A4029.CR3	0.125	39
572A4030.CR3	0.5	39
572A4031.CR3	0.001	39
572A4032.CR3	0.004	39
572A4033.CR3	0.01666666667	39
572A4034.CR3	0.06666666667	39
572A4035.CR3	0.25	39
572A4036.CR3	1	39
572A4037.CR3	0.0003125	39
572A4038.CR3	0.0003125	39
572A4039.CR3	0.0003125	39
572A4040.CR3	0.0003125	39
572A4041.CR3	0.0003125	39
572A4042.CR3	0.0003125	39
572A4043.CR3	0.0003125	39
572A4044.CR3	0.0003125	39
572A4045.CR3	0.0003125	39
572A4046.CR3	0.0003125	39
572A4047.CR3	0.0003125	39
572A4048.CR3	0.0003125	40
572A4049.CR3	0.0003125	40
572A4050.CR3	0.0003125	40
572A4051.CR3	0.0003125	40
572A4052.CR3	0.0003125	40
572A4053.CR3	0.0003125	40
572A4054.CR3	0.0003125	40
572A4055.CR3	0.0003125	40
572A4056.CR3	0.0003125	40
572A4057.CR3	0.0003125	40
572A4058.CR3	0.0003125	40
572A4059.CR3	0.0003125	40
572A4060.CR3	0.0003125	40
572A4061.CR3	0.0003125	40
572A4062.CR3	0.0003125	40
572A4063.CR3	0.0003125	40
572A4064.CR3	0.0003125	40
572A4065.CR3	0.0003125	40
572A4066.CR3	0.0003125	40
572A4067.CR3	0.0003125	40
572A4068.CR3	0.0003125	40
572A4069.CR3	0.0003125	40
572A4070.CR3	0.0003125	40
572A4071.CR3	0.0003125	40
572A4072.CR3	0.0003125	40
572A4073.CR3	0.0003125	40
572A4074.CR3	0.0003125	40
572A4075.CR3	0.0003125	40
572A4076.CR3	0.0003125	41
572A4077.CR3	0.0003125	41
572A4078.CR3	0.0003125	41
572A4079.CR3	0.0003125	41
572A4080.CR3	0.0003125	41
572A4081.CR3	0.0003125	41
572A4082.CR3	0.0003125	41
572A4083.CR3	0.0003125	41
572A4084.CR3	0.0003125	41
572A4085.CR3	0.003125	40
572A4086.CR3	0.003125	40
572A4087.CR3	0.003125	40
572A4088.CR3	0.003125	40
572A4089.CR3	0.0003125	40
572A4090.CR3	0.0003125	40
572A4091.CR3	0.0003125	40
572A4092.CR3	0.0003125	40
572A4093.CR3	0.0003125	40
572A4094.CR3	0.0003125	41
572A4095.CR3	0.0003125	41
572A4096.CR3	0.0003125	41
572A4097.CR3	0.0003125	41
572A4098.CR3	0.0003125	41
572A4099.CR3	0.0003125	41
572A4100.CR3	0.0003125	41
572A4101.CR3	0.0003125	41
572A4102.CR3	0.0003125	41
572A4103.CR3	0.0003125	41
572A4104.CR3	0.0003125	41
572A4105.CR3	0.0003125	41
572A4106.CR3	0.0003125	41
572A4107.CR3	0.0003125	41
572A4108.CR3	0.0003125	41
572A4109.CR3	0.0003125	41
572A4110.CR3	0.0003125	41
572A4111.CR3	0.0003125	41
572A4112.CR3	0.0003125	41
572A4113.CR3	0.0003125	41
572A4114.CR3	0.0003125	41
572A4115.CR3	0.0003125	41
572A4116.CR3	0.0003125	41
572A4117.CR3	0.0003125	41
572A4118.CR3	0.0003125	42
572A4119.CR3	0.0003125	42
572A4120.CR3	0.0005	42
572A4121.CR3	0.002	42
572A4122.CR3	0.008	42
572A4123.CR3	0.03333333333	42
572A4124.CR3	0.125	42
572A4125.CR3	0.5	42
572A4126.CR3	0.001	42
572A4127.CR3	0.004	42
572A4128.CR3	0.01666666667	42
572A4129.CR3	0.06666666667	42
572A4130.CR3	0.25	42
572A4131.CR3	1	42
572A4132.CR3	2	42
572A4133.CR3	2	41
572A4134.CR3	2	41
572A4135.CR3	10	41
572A4136.CR3	10	41
572A4137.CR3	10	41
572A4138.CR3	0.0005	40
572A4139.CR3	0.002	40
572A4140.CR3	0.008	41
572A4141.CR3	0.03333333333	41
572A4142.CR3	0.125	41
572A4143.CR3	0.5	41
572A4144.CR3	0.001	41
572A4145.CR3	0.004	41
572A4146.CR3	0.01666666667	41
572A4147.CR3	0.06666666667	41
572A4148.CR3	0.25	41
572A4149.CR3	1	41
572A4150.CR3	0.0003125	41
572A4151.CR3	0.0003125	41
572A4152.CR3	0.0003125	41
572A4153.CR3	0.0003125	41
572A4154.CR3	0.0003125	41
572A4155.CR3	0.0003125	41
572A4156.CR3	0.0003125	41
572A4157.CR3	0.0003125	41
572A4158.CR3	0.0003125	41
572A4159.CR3	0.0003125	41
572A4160.CR3	0.0003125	41
572A4161.CR3	0.0003125	42
572A4162.CR3	0.0003125	42
572A4163.CR3	0.0003125	42
572A4164.CR3	0.0003125	42
572A4165.CR3	0.0003125	42
572A4166.CR3	0.0003125	42
572A4167.CR3	0.0003125	42
572A4168.CR3	0.0003125	42
572A4169.CR3	0.0003125	42
572A4170.CR3	0.0003125	42
572A4171.CR3	0.0003125	42
572A4172.CR3	0.0003125	42
572A4173.CR3	0.0003125	42
572A4174.CR3	0.0003125	42
572A4175.CR3	0.0003125	42
572A4176.CR3	0.0003125	42
572A4177.CR3	0.0003125	42
572A4178.CR3	0.0003125	42
572A4179.CR3	0.0003125	42
572A4180.CR3	0.0003125	42
572A4181.CR3	0.0003125	42
572A4182.CR3	0.0003125	42
572A4183.CR3	0.0003125	42
572A4184.CR3	0.0003125	42
572A4185.CR3	0.0003125	42
572A4186.CR3	0.0003125	42
572A4187.CR3	0.0003125	42
572A4188.CR3	0.0003125	42
572A4189.CR3	0.0003125	42
572A4190.CR3	0.0003125	42
572A4191.CR3	0.0003125	42
572A4192.CR3	0.0003125	42
572A4193.CR3	0.0003125	42
572A4194.CR3	0.0003125	42
572A4195.CR3	0.0003125	42
572A4196.CR3	0.0003125	43
572A4197.CR3	0.0003125	43
572A4198.CR3	0.003125	42
572A4199.CR3	0.003125	42
572A4200.CR3	0.003125	42
572A4201.CR3	0.003125	40
572A4202.CR3	0.003125	39
572A4203.CR3	0.003125	40
572A4204.CR3	0.0003125	41
572A4205.CR3	0.0003125	41
572A4206.CR3	0.0003125	41
572A4207.CR3	0.0003125	41
572A4208.CR3	0.0003125	41
572A4209.CR3	0.0003125	41
572A4210.CR3	0.0003125	41
572A4211.CR3	0.0003125	41
572A4212.CR3	0.0003125	41
572A4213.CR3	0.0003125	41
572A4214.CR3	0.0003125	41
572A4215.CR3	0.0003125	41
572A4216.CR3	0.0003125	41
572A4217.CR3	0.0003125	41
572A4218.CR3	0.0003125	41
572A4219.CR3	0.0003125	41
572A4220.CR3	0.0003125	41
572A4221.CR3	0.0003125	41
572A4222.CR3	0.0003125	41
572A4223.CR3	0.0003125	41
572A4224.CR3	0.0003125	41
572A4225.CR3	0.0003125	41
572A4226.CR3	0.0003125	41
572A4227.CR3	0.0003125	41
572A4228.CR3	0.0003125	41
572A4229.CR3	0.0003125	41
572A4230.CR3	0.0003125	42
572A4231.CR3	0.0003125	42
572A4232.CR3	0.0003125	42
572A4233.CR3	0.0003125	42
572A4234.CR3	0.0003125	42
572A4235.CR3	0.0005	42
572A4236.CR3	0.002	42
572A4237.CR3	0.008	42
572A4238.CR3	0.03333333333	42
572A4239.CR3	0.125	42
572A4240.CR3	0.5	42
572A4241.CR3	0.001	42
572A4242.CR3	0.004	42
572A4243.CR3	0.01666666667	42
572A4244.CR3	0.06666666667	42
572A4245.CR3	0.25	42
572A4246.CR3	1	42
572A4247.CR3	2	42
572A4248.CR3	2	42
572A4249.CR3	2	41
572A4250.CR3	10	41
572A4251.CR3	10	41
572A4252.CR3	10	41
572A4253.CR3	0.0005	40
572A4254.CR3	0.002	40
572A4255.CR3	0.008	41
572A4256.CR3	0.03333333333	41
572A4257.CR3	0.125	41
572A4258.CR3	0.5	41
572A4259.CR3	0.001	41
572A4260.CR3	0.004	41
572A4261.CR3	0.01666666667	41
572A4262.CR3	0.06666666667	41
572A4263.CR3	0.25	41
572A4264.CR3	1	42
572A4265.CR3	0.0003125	42
572A4266.CR3	0.0003125	42
572A4267.CR3	0.0003125	42
572A4268.CR3	0.0003125	42
572A4269.CR3	0.0003125	42
572A4270.CR3	0.0003125	42
572A4271.CR3	0.0003125	42
572A4272.CR3	0.0003125	42
572A4273.CR3	0.0003125	42
572A4274.CR3	0.0003125	42
572A4275.CR3	0.0003125	42
572A4276.CR3	0.0003125	42
572A4277.CR3	0.0003125	42
572A4278.CR3	0.0003125	42
572A4279.CR3	0.0003125	42
572A4280.CR3	0.0003125	42
572A4281.CR3	0.0003125	42
572A4282.CR3	0.0003125	42
572A4283.CR3	0.0003125	42
572A4284.CR3	0.0003125	42
572A4285.CR3	0.0003125	42
572A4286.CR3	0.0003125	42
572A4287.CR3	0.0003125	42
572A4288.CR3	0.0003125	43
572A4289.CR3	0.0003125	43
572A4290.CR3	0.0003125	43
572A4291.CR3	0.0003125	43
572A4292.CR3	0.0003125	43
572A4293.CR3	0.0003125	43
572A4294.CR3	0.0003125	43
572A4295.CR3	0.0003125	43
572A4296.CR3	0.0003125	43
572A4297.CR3	0.0003125	43
572A4298.CR3	0.0003125	43
572A4299.CR3	0.0003125	43
572A4300.CR3	0.0003125	43
572A4301.CR3	0.0003125	43
572A4302.CR3	0.0003125	43
572A4303.CR3	0.0003125	43
572A4304.CR3	0.0003125	43
572A4305.CR3	0.0003125	43
572A4306.CR3	0.0003125	43
572A4307.CR3	0.0003125	43
572A4308.CR3	0.0003125	43
572A4309.CR3	0.0003125	43
572A4310.CR3	0.0003125	43
572A4311.CR3	0.0003125	43
572A4312.CR3	0.0003125	43
572A4313.CR3	0.003125	44
572A4314.CR3	0.003125	44
572A4767.CR3	0.003125	43
572A4817.CR3	10	44
572A4818.CR3	0.0005	44
572A4819.CR3	0.002	44
572A4820.CR3	0.008	44
572A4821.CR3	0.03333333333	44
572A5213.CR3	0.003125	41
572A5214.CR3	0.0005	42
572A5215.CR3	0.002	42
572A5216.CR3	0.008	42
572A5217.CR3	0.03333333333	42
572A5218.CR3	0.125	42
572A5219.CR3	0.5	42
572A5220.CR3	0.001	42
572A5221.CR3	0.004	42
572A5222.CR3	0.01666666667	42
572A5223.CR3	0.06666666667	43
572A5224.CR3	0.25	43
572A5225.CR3	1	43
572A5226.CR3	0.0003125	43
572A5227.CR3	0.0003125	43
572A5228.CR3	0.0003125	43
572A5229.CR3	0.0003125	43
572A5230.CR3	0.0003125	43
572A5231.CR3	0.0003125	43
572A5232.CR3	0.0003125	43
572A5233.CR3	0.0003125	43
572A5234.CR3	0.0003125	43
572A5235.CR3	0.0003125	43
572A5236.CR3	0.0003125	43
572A5237.CR3	0.0003125	43
572A5238.CR3	0.003125	44
572A5288.CR3	10	44
572A5289.CR3	0.0005	44
572A5290.CR3	0.002	44
572A5291.CR3	0.008	44
572A5292.CR3	0.03333333333	44
572A6674.CR3	0.003125	39
572A6675.CR3	0.003125	41
572A6676.CR3	0.0003125	41
572A6677.CR3	0.0003125	41
572A6678.CR3	0.0003125	41
572A6679.CR3	0.0003125	41
572A6680.CR3	0.0003125	41
572A6681.CR3	0.0003125	41
572A6682.CR3	0.0003125	41
572A6683.CR3	0.0003125	41
572A6684.CR3	0.0003125	41
572A6685.CR3	0.0003125	41
572A6686.CR3	0.0003125	41
572A6687.CR3	0.0003125	41
572A6688.CR3	0.0003125	41
572A6689.CR3	0.0003125	41
572A6690.CR3	0.0003125	41
572A6691.CR3	0.0003125	41
572A6692.CR3	0.0003125	41
572A6693.CR3	0.0003125	41
572A6694.CR3	0.0003125	42
572A6695.CR3	0.0003125	42
572A6696.CR3	0.0003125	42
572A6697.CR3	0.0003125	42
572A6698.CR3	0.0003125	42
572A6699.CR3	0.0003125	42
572A6700.CR3	0.0003125	42
572A6701.CR3	0.0003125	42
572A6702.CR3	0.0003125	42
572A6703.CR3	0.0003125	42
572A6704.CR3	0.0003125	42
572A6705.CR3	0.0003125	42
572A6706.CR3	0.0003125	42
572A6707.CR3	0.0005	42
572A6708.CR3	0.002	42
572A6709.CR3	0.008	42
572A6710.CR3	0.03333333333	42
572A6711.CR3	0.125	42
572A6712.CR3	0.5	42
572A6713.CR3	0.001	42
572A6714.CR3	0.004	42
572A6715.CR3	0.01666666667	42
572A6716.CR3	0.06666666667	42
572A6717.CR3	0.25	42
572A6718.CR3	1	42
572A6719.CR3	2	42
572A6720.CR3	2	42
572A6721.CR3	2	41
572A6722.CR3	10	41
572A6723.CR3	10	41
572A6724.CR3	10	40
572A6725.CR3	0.0005	40
572A6726.CR3	0.002	40
572A6727.CR3	0.008	41
572A6728.CR3	0.03333333333	41
572A6729.CR3	0.125	41
572A6730.CR3	0.5	41
572A6731.CR3	0.001	41
572A6732.CR3	0.004	41
572A6733.CR3	0.01666666667	41
572A6734.CR3	0.06666666667	41
572A6735.CR3	0.25	41
572A6736.CR3	1	41
572A6737.CR3	0.0003125	41
572A6738.CR3	0.0003125	41
572A6739.CR3	0.0003125	41
572A6740.CR3	0.0003125	41
572A6741.CR3	0.0003125	41
572A6742.CR3	0.0003125	41
572A6743.CR3	0.0003125	41
572A6744.CR3	0.0003125	42
572A6745.CR3	0.0003125	42
572A6746.CR3	0.0003125	42
572A6747.CR3	0.0003125	42
572A6748.CR3	0.0003125	42
572A6749.CR3	0.0003125	42
572A6750.CR3	0.0003125	42
572A6751.CR3	0.0003125	42
572A6752.CR3	0.0003125	42
572A6753.CR3	0.0003125	42
572A6754.CR3	0.0003125	42
572A6755.CR3	0.0003125	42
572A6756.CR3	0.0003125	42
572A6757.CR3	0.0003125	42
572A6758.CR3	0.0003125	42
572A6759.CR3	0.0003125	42
572A6760.CR3	0.0003125	42
572A6761.CR3	0.0003125	42
572A6762.CR3	0.0003125	42
572A6763.CR3	0.0003125	42
572A6764.CR3	0.0003125	42
572A6765.CR3	0.0003125	42
572A6766.CR3	0.0003125	42
572A6767.CR3	0.0003125	42
572A6768.CR3	0.0003125	42
572A6769.CR3	0.0003125	42
572A6770.CR3	0.0003125	42
572A6771.CR3	0.0003125	42
572A6772.CR3	0.0003125	42
572A6773.CR3	0.0003125	42
572A6774.CR3	0.0003125	42
572A6775.CR3	0.0003125	43
572A6776.CR3	0.0003125	43
572A6777.CR3	0.0003125	43
572A6778.CR3	0.0003125	43
572A6779.CR3	0.0003125	43
572A6780.CR3	0.0003125	43
572A6781.CR3	0.0003125	43
572A6782.CR3	0.0003125	43
572A6783.CR3	0.0003125	43
572A6784.CR3	0.0003125	43
572A6785.CR3	0.003125	43
572A6786.CR3	0.003125	44
572A6836.CR3	10	44
572A6837.CR3	10	44
572A6838.CR3	0.0005	44
572A6839.CR3	0.002	44
572A6840.CR3	0.008	44
572A6841.CR3	0.03333333333	44
572A6842.CR3	0.125	44
572A6843.CR3	0.5	44
572A6844.CR3	0.001	44
572A6845.CR3	0.004	44
572A6846.CR3	0.01666666667	44
572A6847.CR3	0.06666666667	44
572A6848.CR3	0.25	44
