572A2936.CR3	2026:08:12 20:28:31.17+02:00	0.0003125	100	41
572A2937.CR3	2026:08:12 20:28:31.90+02:00	0.0003125	100	41
572A2938.CR3	2026:08:12 20:28:32.54+02:00	0.0003125	100	41
572A2939.CR3	2026:08:12 20:28:33.19+02:00	0.0003125	100	41
572A2940.CR3	2026:08:12 20:28:33.84+02:00	0.0003125	100	41
572A2941.CR3	2026:08:12 20:28:34.49+02:00	0.0003125	100	41
572A2942.CR3	2026:08:12 20:28:35.14+02:00	0.0003125	100	41
572A2943.CR3	2026:08:12 20:28:35.79+02:00	0.0003125	100	41
572A2944.CR3	2026:08:12 20:28:36.44+02:00	0.0003125	100	41
572A2945.CR3	2026:08:12 20:28:37.09+02:00	0.0003125	100	41
572A2946.CR3	2026:08:12 20:28:37.74+02:00	0.0003125	100	41
572A2947.CR3	2026:08:12 20:28:38.39+02:00	0.0003125	100	42
572A2948.CR3	2026:08:12 20:28:39.04+02:00	0.0003125	100	42
572A2949.CR3	2026:08:12 20:28:39.69+02:00	0.0003125	100	42
572A2950.CR3	2026:08:12 20:28:40.34+02:00	0.0003125	100	42
572A2951.CR3	2026:08:12 20:28:40.99+02:00	0.0003125	100	42
572A2952.CR3	2026:08:12 20:28:41.64+02:00	0.0003125	100	42
572A2953.CR3	2026:08:12 20:28:42.30+02:00	0.0003125	100	42
572A2954.CR3	2026:08:12 20:28:42.95+02:00	0.0003125	100	42
572A2955.CR3	2026:08:12 20:28:43.60+02:00	0.0003125	100	42
572A2956.CR3	2026:08:12 20:28:44.25+02:00	0.0003125	100	42
572A2957.CR3	2026:08:12 20:28:44.90+02:00	0.0003125	100	42
572A2958.CR3	2026:08:12 20:28:45.55+02:00	0.0003125	100	42
572A2959.CR3	2026:08:12 20:28:46.20+02:00	0.0003125	100	42
572A2960.CR3	2026:08:12 20:28:46.85+02:00	0.0003125	100	42
572A2961.CR3	2026:08:12 20:28:47.50+02:00	0.0003125	100	42
572A2962.CR3	2026:08:12 20:28:48.15+02:00	0.0003125	100	42
572A2963.CR3	2026:08:12 20:28:48.78+02:00	0.0003125	100	42
572A2964.CR3	2026:08:12 20:28:49.44+02:00	0.0003125	100	42
572A2965.CR3	2026:08:12 20:28:50.09+02:00	0.0003125	100	42
572A2966.CR3	2026:08:12 20:28:50.74+02:00	0.0003125	100	42
572A2967.CR3	2026:08:12 20:28:51.64+02:00	0.0005	100	42
572A2968.CR3	2026:08:12 20:28:52.54+02:00	0.002	100	42
572A2969.CR3	2026:08:12 20:28:53.44+02:00	0.008	100	42
572A2970.CR3	2026:08:12 20:28:54.36+02:00	0.03333333333	100	42
572A2971.CR3	2026:08:12 20:28:55.29+02:00	0.125	100	42
572A2972.CR3	2026:08:12 20:28:56.31+02:00	0.5	100	42
572A2973.CR3	2026:08:12 20:28:57.71+02:00	0.001	100	42
572A2974.CR3	2026:08:12 20:28:58.61+02:00	0.004	100	42
572A2975.CR3	2026:08:12 20:28:59.51+02:00	0.01666666667	100	42
572A2976.CR3	2026:08:12 20:29:00.43+02:00	0.06666666667	100	42
572A2977.CR3	2026:08:12 20:29:01.40+02:00	0.25	100	42
572A2978.CR3	2026:08:12 20:29:02.55+02:00	1	100	42
572A2979.CR3	2026:08:12 20:29:04.45+02:00	2	100	42
572A2980.CR3	2026:08:12 20:29:07.35+02:00	2	100	42
572A2981.CR3	2026:08:12 20:29:10.26+02:00	2	100	42
572A2982.CR3	2026:08:12 20:29:13.41+02:00	10	100	42
572A2983.CR3	2026:08:12 20:29:26.48+02:00	10	100	41
572A2984.CR3	2026:08:12 20:29:39.88+02:00	10	100	41
572A2985.CR3	2026:08:12 20:29:53.28+02:00	0.0005	100	41
572A2986.CR3	2026:08:12 20:29:54.32+02:00	0.002	100	41
572A2987.CR3	2026:08:12 20:29:55.15+02:00	0.008	100	41
572A2988.CR3	2026:08:12 20:29:56.05+02:00	0.03333333333	100	41
572A2989.CR3	2026:08:12 20:29:56.99+02:00	0.125	100	41
572A2990.CR3	2026:08:12 20:29:58.02+02:00	0.5	100	41
572A2991.CR3	2026:08:12 20:29:59.42+02:00	0.001	100	41
572A2992.CR3	2026:08:12 20:30:00.32+02:00	0.004	100	41
572A2993.CR3	2026:08:12 20:30:01.22+02:00	0.01666666667	100	41
572A2994.CR3	2026:08:12 20:30:02.14+02:00	0.06666666667	100	41
572A2995.CR3	2026:08:12 20:30:03.11+02:00	0.25	100	41
572A2996.CR3	2026:08:12 20:30:04.26+02:00	1	100	41
572A2997.CR3	2026:08:12 20:30:06.16+02:00	0.0005	100	42
572A2998.CR3	2026:08:12 20:30:07.06+02:00	0.002	100	42
572A2999.CR3	2026:08:12 20:30:07.96+02:00	0.008	100	42
572A3000.CR3	2026:08:12 20:30:08.87+02:00	0.03333333333	100	42
572A3001.CR3	2026:08:12 20:30:09.80+02:00	0.125	100	42
572A3002.CR3	2026:08:12 20:30:10.82+02:00	0.5	100	42
572A3003.CR3	2026:08:12 20:30:12.22+02:00	0.0005	100	42
572A3004.CR3	2026:08:12 20:30:13.12+02:00	0.002	100	42
572A3005.CR3	2026:08:12 20:30:14.02+02:00	0.008	100	42
572A3006.CR3	2026:08:12 20:30:14.94+02:00	0.03333333333	100	42
572A3007.CR3	2026:08:12 20:30:15.87+02:00	0.125	100	42
572A3008.CR3	2026:08:12 20:30:16.89+02:00	0.5	100	42
572A3009.CR3	2026:08:12 20:30:18.29+02:00	0.0003125	100	42
572A3010.CR3	2026:08:12 20:30:18.94+02:00	0.0003125	100	42
572A3011.CR3	2026:08:12 20:30:19.59+02:00	0.0003125	100	42
572A3012.CR3	2026:08:12 20:30:20.24+02:00	0.0003125	100	42
572A3013.CR3	2026:08:12 20:30:20.89+02:00	0.0003125	100	42
572A3014.CR3	2026:08:12 20:30:21.54+02:00	0.0003125	100	42
572A3015.CR3	2026:08:12 20:30:22.19+02:00	0.0003125	100	42
572A3016.CR3	2026:08:12 20:30:22.85+02:00	0.0003125	100	42
572A3017.CR3	2026:08:12 20:30:23.50+02:00	0.0003125	100	42
572A3018.CR3	2026:08:12 20:30:24.15+02:00	0.0003125	100	42
572A3019.CR3	2026:08:12 20:30:24.80+02:00	0.0003125	100	42
572A3020.CR3	2026:08:12 20:30:25.45+02:00	0.0003125	100	42
572A3021.CR3	2026:08:12 20:30:26.10+02:00	0.0003125	100	42
572A3022.CR3	2026:08:12 20:30:26.75+02:00	0.0003125	100	42
572A3023.CR3	2026:08:12 20:30:27.40+02:00	0.0003125	100	42
572A3024.CR3	2026:08:12 20:30:28.03+02:00	0.0003125	100	42
572A3025.CR3	2026:08:12 20:30:28.68+02:00	0.0003125	100	42
572A3026.CR3	2026:08:12 20:30:29.34+02:00	0.0003125	100	42
572A3027.CR3	2026:08:12 20:30:29.99+02:00	0.0003125	100	42
572A3028.CR3	2026:08:12 20:30:30.64+02:00	0.0003125	100	42
572A3029.CR3	2026:08:12 20:30:31.29+02:00	0.0003125	100	42
572A3030.CR3	2026:08:12 20:30:31.94+02:00	0.0003125	100	42
572A3031.CR3	2026:08:12 20:30:32.59+02:00	0.0003125	100	42
572A3032.CR3	2026:08:12 20:30:33.24+02:00	0.0003125	100	43
572A3033.CR3	2026:08:12 20:30:33.89+02:00	0.0003125	100	43
572A3034.CR3	2026:08:12 20:30:34.54+02:00	0.0003125	100	43
572A3035.CR3	2026:08:12 20:30:35.19+02:00	0.0003125	100	43
572A3036.CR3	2026:08:12 20:30:35.84+02:00	0.0003125	100	43
572A3037.CR3	2026:08:12 20:30:36.49+02:00	0.0003125	100	43
572A3038.CR3	2026:08:12 20:30:37.14+02:00	0.0003125	100	43
572A3039.CR3	2026:08:12 20:30:37.79+02:00	0.0003125	100	43
572A3040.CR3	2026:08:12 20:30:38.44+02:00	0.0003125	100	43
572A3041.CR3	2026:08:12 20:30:39.11+02:00	0.0003125	100	43
572A3042.CR3	2026:08:12 20:30:39.75+02:00	0.0003125	100	43
572A3043.CR3	2026:08:12 20:30:40.40+02:00	0.0003125	100	43
572A3044.CR3	2026:08:12 20:30:41.05+02:00	0.0003125	100	43
572A3045.CR3	2026:08:12 20:30:41.70+02:00	0.0003125	100	43
572A3046.CR3	2026:08:12 20:30:42.35+02:00	0.0003125	100	43
572A3047.CR3	2026:08:12 20:30:43.00+02:00	0.0003125	100	43
572A3048.CR3	2026:08:12 20:30:43.65+02:00	0.0003125	100	43
572A3049.CR3	2026:08:12 20:30:44.28+02:00	0.0003125	100	43
572A3050.CR3	2026:08:12 20:30:44.93+02:00	0.0003125	100	43
572A3051.CR3	2026:08:12 20:30:45.59+02:00	0.0003125	100	43
572A3052.CR3	2026:08:12 20:30:46.24+02:00	0.0003125	100	43
572A3053.CR3	2026:08:12 20:30:46.89+02:00	0.0003125	100	43
572A3054.CR3	2026:08:12 20:30:47.54+02:00	0.0003125	100	43
572A3055.CR3	2026:08:12 20:30:48.19+02:00	0.0003125	100	43
572A3056.CR3	2026:08:12 20:30:48.84+02:00	0.0003125	100	43
572A3057.CR3	2026:08:12 20:30:59.12+02:00	0.003125	100	43
572A3058.CR3	2026:08:12 20:31:28.97+02:00	0.003125	100	42
572A3059.CR3	2026:08:12 20:31:58.82+02:00	0.003125	100	42
