system,run_index,first_filename,last_filename,start_time,end_time,count,span_seconds,exposure_seconds,exposure,iso
Canon 6D Nikon 300mm AFS-II 300mm f2.8,1,_MG_9428.CR2,_MG_9435.CR2,2024-04-08T20:15:43.62,2024-04-08T20:15:54.76,8,11.14,0.0008,1/1250,200
Canon 6D Nikon 300mm AFS-II 300mm f2.8,2,_MG_9436.CR2,_MG_9443.CR2,2024-04-08T20:15:56.84,2024-04-08T20:16:08.51,8,11.67,0.00025,1/4000,200
Canon 6D Nikon 300mm AFS-II 300mm f2.8,3,_MG_9444.CR2,_MG_9445.CR2,2024-04-08T20:16:10.59,2024-04-08T20:16:12.22,2,1.63,0.0004,1/2500,200
Canon 6D Nikon 300mm AFS-II 300mm f2.8,4,_MG_9446.CR2,_MG_9447.CR2,2024-04-08T20:16:14.29,2024-04-08T20:16:15.94,2,1.65,0.001,1/1000,200
Canon 6D Nikon 300mm AFS-II 300mm f2.8,5,_MG_9448.CR2,_MG_9449.CR2,2024-04-08T20:16:18.13,2024-04-08T20:16:19.67,2,1.54,0.002,1/500,200
Canon 6D Nikon 300mm AFS-II 300mm f2.8,6,_MG_9450.CR2,_MG_9451.CR2,2024-04-08T20:16:21.71,2024-04-08T20:16:23.36,2,1.65,0.005,1/200,200
Canon 6D Nikon 300mm AFS-II 300mm f2.8,7,_MG_9452.CR2,_MG_9453.CR2,2024-04-08T20:16:25.39,2024-04-08T20:16:26.92,2,1.53,0.0125,1/80,200
Canon 6D Nikon 300mm AFS-II 300mm f2.8,8,_MG_9454.CR2,_MG_9455.CR2,2024-04-08T20:16:29.08,2024-04-08T20:16:30.69,2,1.61,0.03333333333333333,1/30,200
Canon 6D Nikon 300mm AFS-II 300mm f2.8,9,_MG_9456.CR2,_MG_9457.CR2,2024-04-08T20:16:32.86,2024-04-08T20:16:34.41,2,1.55,0.06666666666666667,1/15,200
Canon 6D Nikon 300mm AFS-II 300mm f2.8,10,_MG_9458.CR2,_MG_9459.CR2,2024-04-08T20:16:36.49,2024-04-08T20:16:38.03,2,1.54,0.125,1/8,200
Canon 6D Nikon 300mm AFS-II 300mm f2.8,11,_MG_9460.CR2,_MG_9461.CR2,2024-04-08T20:16:40.2,2024-04-08T20:16:41.8,2,1.6,0.25,1/4,200
Canon 6D Nikon 300mm AFS-II 300mm f2.8,12,_MG_9462.CR2,_MG_9463.CR2,2024-04-08T20:16:43.94,2024-04-08T20:16:45.79,2,1.85,0.4,2/5,200
Canon 6D Nikon 300mm AFS-II 300mm f2.8,13,_MG_9464.CR2,_MG_9465.CR2,2024-04-08T20:16:48.16,2024-04-08T20:16:50.22,2,2.06,0.6,3/5,200
Canon 6D Nikon 300mm AFS-II 300mm f2.8,14,_MG_9466.CR2,_MG_9466.CR2,2024-04-08T20:16:52.9,2024-04-08T20:16:52.9,1,0.0,1.0,1 s,200
Canon 6D Nikon 300mm AFS-II 300mm f2.8,15,_MG_9467.CR2,_MG_9468.CR2,2024-04-08T20:16:56.37,2024-04-08T20:16:57.92,2,1.55,0.00025,1/4000,200
Canon 6D Nikon 300mm AFS-II 300mm f2.8,16,_MG_9469.CR2,_MG_9470.CR2,2024-04-08T20:17:00.12,2024-04-08T20:17:01.78,2,1.66,0.0004,1/2500,200
Canon 6D Nikon 300mm AFS-II 300mm f2.8,17,_MG_9471.CR2,_MG_9472.CR2,2024-04-08T20:17:03.85,2024-04-08T20:17:05.51,2,1.66,0.001,1/1000,200
Canon 6D Nikon 300mm AFS-II 300mm f2.8,18,_MG_9473.CR2,_MG_9474.CR2,2024-04-08T20:17:07.69,2024-04-08T20:17:09.24,2,1.55,0.002,1/500,200
Canon 6D Nikon 300mm AFS-II 300mm f2.8,19,_MG_9475.CR2,_MG_9476.CR2,2024-04-08T20:17:11.43,2024-04-08T20:17:12.97,2,1.54,0.005,1/200,200
Canon 6D Nikon 300mm AFS-II 300mm f2.8,20,_MG_9477.CR2,_MG_9478.CR2,2024-04-08T20:17:15.05,2024-04-08T20:17:16.59,2,1.54,0.0125,1/80,200
Canon 6D Nikon 300mm AFS-II 300mm f2.8,21,_MG_9479.CR2,_MG_9480.CR2,2024-04-08T20:17:18.67,2024-04-08T20:17:20.31,2,1.64,0.03333333333333333,1/30,200
Canon 6D Nikon 300mm AFS-II 300mm f2.8,22,_MG_9481.CR2,_MG_9482.CR2,2024-04-08T20:17:22.37,2024-04-08T20:17:24.03,2,1.66,0.06666666666666667,1/15,200
Canon 6D Nikon 300mm AFS-II 300mm f2.8,23,_MG_9483.CR2,_MG_9484.CR2,2024-04-08T20:17:26.2,2024-04-08T20:17:27.76,2,1.56,0.125,1/8,200
Canon 6D Nikon 300mm AFS-II 300mm f2.8,24,_MG_9485.CR2,_MG_9486.CR2,2024-04-08T20:17:29.93,2024-04-08T20:17:31.64,2,1.71,0.25,1/4,200
Canon 6D Nikon 300mm AFS-II 300mm f2.8,25,_MG_9487.CR2,_MG_9488.CR2,2024-04-08T20:17:33.87,2024-04-08T20:17:35.73,2,1.86,0.4,2/5,200
Canon 6D Nikon 300mm AFS-II 300mm f2.8,26,_MG_9489.CR2,_MG_9490.CR2,2024-04-08T20:17:38.13,2024-04-08T20:17:40.25,2,2.12,0.6,3/5,200
Canon 6D Nikon 300mm AFS-II 300mm f2.8,27,_MG_9491.CR2,_MG_9491.CR2,2024-04-08T20:17:42.79,2024-04-08T20:17:42.79,1,0.0,1.0,1 s,200
Canon 6D Nikon 300mm AFS-II 300mm f2.8,28,_MG_9492.CR2,_MG_9493.CR2,2024-04-08T20:17:46.38,2024-04-08T20:17:48.04,2,1.66,0.00025,1/4000,200
Canon 6D Nikon 300mm AFS-II 300mm f2.8,29,_MG_9494.CR2,_MG_9495.CR2,2024-04-08T20:17:50.57,2024-04-08T20:17:52.12,2,1.55,0.0004,1/2500,200
Canon 6D Nikon 300mm AFS-II 300mm f2.8,30,_MG_9496.CR2,_MG_9497.CR2,2024-04-08T20:17:54.2,2024-04-08T20:17:55.75,2,1.55,0.001,1/1000,200
Canon 6D Nikon 300mm AFS-II 300mm f2.8,31,_MG_9498.CR2,_MG_9499.CR2,2024-04-08T20:17:57.84,2024-04-08T20:17:59.5,2,1.66,0.002,1/500,200
Canon 6D Nikon 300mm AFS-II 300mm f2.8,32,_MG_9500.CR2,_MG_9501.CR2,2024-04-08T20:18:01.69,2024-04-08T20:18:03.24,2,1.55,0.005,1/200,200
Canon 6D Nikon 300mm AFS-II 300mm f2.8,33,_MG_9502.CR2,_MG_9503.CR2,2024-04-08T20:18:05.32,2024-04-08T20:18:06.99,2,1.67,0.0125,1/80,200
Canon 6D Nikon 300mm AFS-II 300mm f2.8,34,_MG_9504.CR2,_MG_9505.CR2,2024-04-08T20:18:09.04,2024-04-08T20:18:10.68,2,1.64,0.03333333333333333,1/30,200
Canon 6D Nikon 300mm AFS-II 300mm f2.8,35,_MG_9506.CR2,_MG_9507.CR2,2024-04-08T20:18:12.89,2024-04-08T20:18:14.45,2,1.56,0.06666666666666667,1/15,200
Canon 6D Nikon 300mm AFS-II 300mm f2.8,36,_MG_9508.CR2,_MG_9509.CR2,2024-04-08T20:18:16.55,2024-04-08T20:18:18.21,2,1.66,0.125,1/8,200
Canon 6D Nikon 300mm AFS-II 300mm f2.8,37,_MG_9510.CR2,_MG_9511.CR2,2024-04-08T20:18:20.41,2024-04-08T20:18:22.09,2,1.68,0.25,1/4,200
Canon 6D Nikon 300mm AFS-II 300mm f2.8,38,_MG_9512.CR2,_MG_9513.CR2,2024-04-08T20:18:24.32,2024-04-08T20:18:26.07,2,1.75,0.4,2/5,200
Canon 6D Nikon 300mm AFS-II 300mm f2.8,39,_MG_9514.CR2,_MG_9515.CR2,2024-04-08T20:18:28.37,2024-04-08T20:18:30.38,2,2.01,0.6,3/5,200
Canon 6D Nikon 300mm AFS-II 300mm f2.8,40,_MG_9516.CR2,_MG_9516.CR2,2024-04-08T20:18:32.95,2024-04-08T20:18:32.95,1,0.0,1.0,1 s,200
Canon 6D Nikon 300mm AFS-II 300mm f2.8,41,_MG_9517.CR2,_MG_9518.CR2,2024-04-08T20:18:36.45,2024-04-08T20:18:38.11,2,1.66,0.00025,1/4000,200
Canon 6D Nikon 300mm AFS-II 300mm f2.8,42,_MG_9519.CR2,_MG_9520.CR2,2024-04-08T20:18:40.19,2024-04-08T20:18:41.85,2,1.66,0.0004,1/2500,200
Canon 6D Nikon 300mm AFS-II 300mm f2.8,43,_MG_9521.CR2,_MG_9522.CR2,2024-04-08T20:18:44.02,2024-04-08T20:18:45.58,2,1.56,0.001,1/1000,200
Canon 6D Nikon 300mm AFS-II 300mm f2.8,44,_MG_9523.CR2,_MG_9524.CR2,2024-04-08T20:18:47.67,2024-04-08T20:18:49.34,2,1.67,0.002,1/500,200
Canon 6D Nikon 300mm AFS-II 300mm f2.8,45,_MG_9525.CR2,_MG_9526.CR2,2024-04-08T20:18:51.53,2024-04-08T20:18:53.08,2,1.55,0.005,1/200,200
Canon 6D Nikon 300mm AFS-II 300mm f2.8,46,_MG_9527.CR2,_MG_9528.CR2,2024-04-08T20:18:55.27,2024-04-08T20:18:56.93,2,1.66,0.0125,1/80,200
Canon 6D Nikon 300mm AFS-II 300mm f2.8,47,_MG_9529.CR2,_MG_9530.CR2,2024-04-08T20:18:59.02,2024-04-08T20:19:00.68,2,1.66,0.03333333333333333,1/30,200
Canon 6D Nikon 300mm AFS-II 300mm f2.8,48,_MG_9531.CR2,_MG_9532.CR2,2024-04-08T20:19:02.87,2024-04-08T20:19:04.42,2,1.55,0.06666666666666667,1/15,200
Canon 6D Nikon 300mm AFS-II 300mm f2.8,49,_MG_9533.CR2,_MG_9534.CR2,2024-04-08T20:19:06.5,2024-04-08T20:19:08.17,2,1.67,0.125,1/8,200
Canon 6D Nikon 300mm AFS-II 300mm f2.8,50,_MG_9535.CR2,_MG_9536.CR2,2024-04-08T20:19:10.37,2024-04-08T20:19:12,2,1.63,0.25,1/4,200
Canon 6D Nikon 300mm AFS-II 300mm f2.8,51,_MG_9537.CR2,_MG_9538.CR2,2024-04-08T20:19:14.12,2024-04-08T20:19:15.85,2,1.73,0.4,2/5,200
Canon 6D Nikon 300mm AFS-II 300mm f2.8,52,_MG_9539.CR2,_MG_9540.CR2,2024-04-08T20:19:18.74,2024-04-08T20:19:20.81,2,2.07,0.6,3/5,200
Canon 6D Nikon 300mm AFS-II 300mm f2.8,53,_MG_9541.CR2,_MG_9541.CR2,2024-04-08T20:19:23.46,2024-04-08T20:19:23.46,1,0.0,1.0,1 s,200
Canon 6D Nikon 300mm AFS-II 300mm f2.8,54,_MG_9542.CR2,_MG_9543.CR2,2024-04-08T20:19:27.02,2024-04-08T20:19:28.97,2,1.95,0.00025,1/4000,200
Canon 6D Nikon 300mm AFS-II 300mm f2.8,55,_MG_9544.CR2,_MG_9545.CR2,2024-04-08T20:19:31.21,2024-04-08T20:19:32.93,2,1.72,0.0004,1/2500,200
Canon 6D Nikon 300mm AFS-II 300mm f2.8,56,_MG_9546.CR2,_MG_9547.CR2,2024-04-08T20:19:35.14,2024-04-08T20:19:36.77,2,1.63,0.001,1/1000,200
Canon 6D Nikon 300mm AFS-II 300mm f2.8,57,_MG_9548.CR2,_MG_9549.CR2,2024-04-08T20:19:39.1,2024-04-08T20:19:40.74,2,1.64,0.002,1/500,200
Canon 6D Nikon 300mm AFS-II 300mm f2.8,58,_MG_9550.CR2,_MG_9551.CR2,2024-04-08T20:19:42.99,2024-04-08T20:19:44.74,2,1.75,0.005,1/200,200
Canon 6D Nikon 300mm AFS-II 300mm f2.8,59,_MG_9552.CR2,_MG_9553.CR2,2024-04-08T20:19:47.11,2024-04-08T20:19:48.77,2,1.66,0.0125,1/80,200
Canon 6D Nikon 300mm AFS-II 300mm f2.8,60,_MG_9554.CR2,_MG_9555.CR2,2024-04-08T20:19:51.06,2024-04-08T20:19:52.85,2,1.79,0.03333333333333333,1/30,200
Canon 6D Nikon 300mm AFS-II 300mm f2.8,61,_MG_9556.CR2,_MG_9557.CR2,2024-04-08T20:19:55.17,2024-04-08T20:19:56.87,2,1.7,0.06666666666666667,1/15,200
Canon 6D Nikon 300mm AFS-II 300mm f2.8,62,_MG_9558.CR2,_MG_9559.CR2,2024-04-08T20:19:59.35,2024-04-08T20:20:01.16,2,1.81,0.125,1/8,200
Canon 6D Nikon 300mm AFS-II 300mm f2.8,63,_MG_9560.CR2,_MG_9561.CR2,2024-04-08T20:20:03.66,2024-04-08T20:20:05.55,2,1.89,0.25,1/4,200
Canon 6D Nikon 300mm AFS-II 300mm f2.8,64,_MG_9562.CR2,_MG_9563.CR2,2024-04-08T20:20:08.16,2024-04-08T20:20:10.08,2,1.92,0.4,2/5,200
Canon 6D Nikon 300mm AFS-II 300mm f2.8,65,_MG_9564.CR2,_MG_9565.CR2,2024-04-08T20:20:12.68,2024-04-08T20:20:14.89,2,2.21,0.6,3/5,200
Canon 6D Nikon 300mm AFS-II 300mm f2.8,66,_MG_9566.CR2,_MG_9567.CR2,2024-04-08T20:20:17.98,2024-04-08T20:20:19.8,2,1.82,1.0,1 s,200
Canon 6D Nikon 300mm AFS-II 300mm f2.8,67,_MG_9568.CR2,_MG_9569.CR2,2024-04-08T20:20:22.74,2024-04-08T20:20:24.52,2,1.78,0.00025,1/4000,200
Canon 6D Nikon 300mm AFS-II 300mm f2.8,68,_MG_9570.CR2,_MG_9571.CR2,2024-04-08T20:20:27.18,2024-04-08T20:20:29.07,2,1.89,0.0004,1/2500,200
Canon 6D Nikon 300mm AFS-II 300mm f2.8,69,_MG_9572.CR2,_MG_9573.CR2,2024-04-08T20:20:31.76,2024-04-08T20:20:33.55,2,1.79,0.000625,1/1600,200
Sony A7III AP130GTS QUADTCC 590mm f4.5,1,DSC06585.ARW,DSC06587.ARW,2024-04-08T19:07:54,2024-04-08T19:07:57,3,3.0,0.0025,1/400,200
Sony A7III AP130GTS QUADTCC 590mm f4.5,2,DSC06588.ARW,DSC06593.ARW,2024-04-08T19:08:01,2024-04-08T19:08:09,6,8.0,0.000125,1/8000,200
Sony A7III AP130GTS QUADTCC 590mm f4.5,3,DSC06594.ARW,DSC06595.ARW,2024-04-08T19:08:13,2024-04-08T19:08:15,2,2.0,0.002,1/500,200
Sony A7III AP130GTS QUADTCC 590mm f4.5,4,DSC06596.ARW,DSC06597.ARW,2024-04-08T19:08:18,2024-04-08T19:08:19,2,1.0,0.004,1/250,200
Sony A7III AP130GTS QUADTCC 590mm f4.5,5,DSC06598.ARW,DSC06599.ARW,2024-04-08T19:08:22,2024-04-08T19:08:24,2,2.0,0.01,1/100,200
Sony A7III AP130GTS QUADTCC 590mm f4.5,6,DSC06600.ARW,DSC06601.ARW,2024-04-08T19:08:27,2024-04-08T19:08:29,2,2.0,0.03333333333333333,1/30,200
Sony A7III AP130GTS QUADTCC 590mm f4.5,7,DSC06602.ARW,DSC06603.ARW,2024-04-08T19:08:32,2024-04-08T19:08:34,2,2.0,0.06666666666666667,1/15,200
Sony A7III AP130GTS QUADTCC 590mm f4.5,8,DSC06604.ARW,DSC06605.ARW,2024-04-08T19:08:37,2024-04-08T19:08:39,2,2.0,0.125,1/8,200
Sony A7III AP130GTS QUADTCC 590mm f4.5,9,DSC06606.ARW,DSC06607.ARW,2024-04-08T19:08:42,2024-04-08T19:08:44,2,2.0,0.4,2/5,200
Sony A7III AP130GTS QUADTCC 590mm f4.5,10,DSC06608.ARW,DSC06609.ARW,2024-04-08T19:08:48,2024-04-08T19:08:50,2,2.0,1.0,1 s,200
Sony A7III AP130GTS QUADTCC 590mm f4.5,11,DSC06610.ARW,DSC06611.ARW,2024-04-08T19:08:55,2024-04-08T19:08:59,2,4.0,2.0,2 s,200
Sony A7III AP130GTS QUADTCC 590mm f4.5,12,DSC06612.ARW,DSC06613.ARW,2024-04-08T19:09:02,2024-04-08T19:09:05,2,3.0,0.8,4/5,200
Sony A7III AP130GTS QUADTCC 590mm f4.5,13,DSC06614.ARW,DSC06615.ARW,2024-04-08T19:09:35,2024-04-08T19:09:37,2,2.0,0.005,1/200,200
Sony A7III AP130GTS QUADTCC 590mm f4.5,14,DSC06616.ARW,DSC06617.ARW,2024-04-08T19:09:39,2024-04-08T19:09:41,2,2.0,0.004,1/250,200
Sony A7III AP130GTS QUADTCC 590mm f4.5,15,DSC06618.ARW,DSC06619.ARW,2024-04-08T19:09:44,2024-04-08T19:09:46,2,2.0,0.01,1/100,200
Sony A7III AP130GTS QUADTCC 590mm f4.5,16,DSC06620.ARW,DSC06621.ARW,2024-04-08T19:09:49,2024-04-08T19:09:50,2,1.0,0.03333333333333333,1/30,200
Sony A7III AP130GTS QUADTCC 590mm f4.5,17,DSC06622.ARW,DSC06623.ARW,2024-04-08T19:09:54,2024-04-08T19:09:55,2,1.0,0.06666666666666667,1/15,200
Sony A7III AP130GTS QUADTCC 590mm f4.5,18,DSC06624.ARW,DSC06625.ARW,2024-04-08T19:09:58,2024-04-08T19:10:00,2,2.0,0.125,1/8,200
Sony A7III AP130GTS QUADTCC 590mm f4.5,19,DSC06626.ARW,DSC06627.ARW,2024-04-08T19:10:04,2024-04-08T19:10:06,2,2.0,0.4,2/5,200
Sony A7III AP130GTS QUADTCC 590mm f4.5,20,DSC06628.ARW,DSC06629.ARW,2024-04-08T19:10:10,2024-04-08T19:10:12,2,2.0,1.0,1 s,200
Sony A7III AP130GTS QUADTCC 590mm f4.5,21,DSC06630.ARW,DSC06631.ARW,2024-04-08T19:10:18,2024-04-08T19:10:21,2,3.0,2.0,2 s,200
Sony A7III AP130GTS QUADTCC 590mm f4.5,22,DSC06632.ARW,DSC06633.ARW,2024-04-08T19:12:26,2024-04-08T19:12:29,2,3.0,0.8,4/5,100
Sony A7III AP130GTS QUADTCC 590mm f4.5,23,DSC06634.ARW,DSC06639.ARW,2024-04-08T19:12:33,2024-04-08T19:12:42,6,9.0,0.000125,1/8000,100
Sony A7III AP130GTS QUADTCC 590mm f4.5,24,DSC06640.ARW,DSC06640.ARW,2024-04-08T19:12:45,2024-04-08T19:12:45,1,0.0,0.0025,1/400,100
Sony A7S Questar 3.5 1280mm f14,1,20240408_110825total.arw,20240408_110834total.arw,2024-04-08T11:08:25,2024-04-08T11:08:34,3,9.0,0.0015625,1/640,100
Sony A7S Questar 3.5 1280mm f14,2,20240408_110844total.arw,20240408_110847total.arw,2024-04-08T11:08:44,2024-04-08T11:08:47,2,3.0,0.0002,1/5000,100
Sony A7S Questar 3.5 1280mm f14,3,20240408_110853total.arw,20240408_111018total.arw,2024-04-08T11:08:53,2024-04-08T11:10:18,16,85.0,0.003125,1/320,100
Sony A7S Questar 3.5 1280mm f14,4,20240408_111026total.arw,20240408_111117total.arw,2024-04-08T11:10:26,2024-04-08T11:11:17,10,51.0,0.05,1/20,100
Sony A7S Questar 3.5 1280mm f14,5,20240408_111122total.arw,20240408_111151total.arw,2024-04-08T11:11:22,2024-04-08T11:11:51,5,29.0,1.0,1 s,100
Sony A7S Questar 3.5 1280mm f14,6,20240408_111159total.arw,20240408_111224total.arw,2024-04-08T11:11:59,2024-04-08T11:12:24,5,25.0,0.125,1/8,100
Sony A7S Questar 3.5 1280mm f14,7,20240408_111228total.arw,20240408_111307total.arw,2024-04-08T11:12:28,2024-04-08T11:13:07,8,39.0,0.025,1/40,100
Sony A7S Questar 3.5 1280mm f14,8,20240408_111314total.arw,20240408_111321total.arw,2024-04-08T11:13:14,2024-04-08T11:13:21,2,7.0,0.05,1/20,100
Sony A7S Questar 3.5 1280mm f14,9,20240408_111328total.arw,20240408_111331total.arw,2024-04-08T11:13:28,2024-04-08T11:13:31,2,3.0,0.0025,1/400,100
Sony A7S Questar 3.5 1280mm f14,10,20240408_111338total.arw,20240408_111350total.arw,2024-04-08T11:13:38,2024-04-08T11:13:50,5,12.0,0.0015625,1/640,100
