system,filename,extension,sequence_number,bytes,sha256,make,model,body_serial,datetime_original_text,subsec_original,offset_time_original,datetime_original,controller_filename_time,analysis_time_source,analysis_time,seconds_from_scheduled_C2,seconds_from_scheduled_C3,scheduled_phase,mtime,exposure_seconds,exposure,iso,f_number,focal_length_mm,exposure_bias_ev,raw_width,raw_height,raw_bits_per_sample,raw_compression,delta_previous_seconds,camera_clock_minus_controller_seconds,sequence_increment
Canon 6D Nikon 300mm AFS-II 300mm f2.8,_MG_9428.CR2,.CR2,9428,21043390,ef84ebf260f2ee422547132e232f9fd47450933381cbddfa14a95cec58190c7a,Canon,Canon EOS 6D,[SÈRIE],2024:04:08 20:15:43,62,,2024-04-08T20:15:43.62,,EXIF_DateTimeOriginal,2024-04-08T20:15:43.62,,,,2024-04-08T20:15:44+02:00,0.0008,1/1250,200,0.0,0.0,0.0,5568,3708,,6,,,
Canon 6D Nikon 300mm AFS-II 300mm f2.8,_MG_9429.CR2,.CR2,9429,20891141,44a55753f748843119bd899ffc1b3ac9405abc319cdbc6c673296206c9390a30,Canon,Canon EOS 6D,[SÈRIE],2024:04:08 20:15:45,16,,2024-04-08T20:15:45.16,,EXIF_DateTimeOriginal,2024-04-08T20:15:45.16,,,,2024-04-08T20:15:46+02:00,0.0008,1/1250,200,0.0,0.0,0.0,5568,3708,,6,1.54,,1
Canon 6D Nikon 300mm AFS-II 300mm f2.8,_MG_9430.CR2,.CR2,9430,20713889,ce7a7ab08fb0e75f009477516ba05ec50d6bfeddc33f00ce380699c1c94066cd,Canon,Canon EOS 6D,[SÈRIE],2024:04:08 20:15:46,82,,2024-04-08T20:15:46.82,,EXIF_DateTimeOriginal,2024-04-08T20:15:46.82,,,,2024-04-08T20:15:47+02:00,0.0008,1/1250,200,0.0,0.0,0.0,5568,3708,,6,1.66,,1
Canon 6D Nikon 300mm AFS-II 300mm f2.8,_MG_9431.CR2,.CR2,9431,20538951,bb65e1849c5e0607f02b9eb494e276433801191333a4462b1bb80d3b2daa458d,Canon,Canon EOS 6D,[SÈRIE],2024:04:08 20:15:48,36,,2024-04-08T20:15:48.36,,EXIF_DateTimeOriginal,2024-04-08T20:15:48.36,,,,2024-04-08T20:15:49+02:00,0.0008,1/1250,200,0.0,0.0,0.0,5568,3708,,6,1.54,,1
Canon 6D Nikon 300mm AFS-II 300mm f2.8,_MG_9432.CR2,.CR2,9432,20312342,d582d1d2b6c8f10dca918ed69eef7a78a86b371ddfd01a149c5d2e9e6e109e02,Canon,Canon EOS 6D,[SÈRIE],2024:04:08 20:15:50,02,,2024-04-08T20:15:50.02,,EXIF_DateTimeOriginal,2024-04-08T20:15:50.02,,,,2024-04-08T20:15:51+02:00,0.0008,1/1250,200,0.0,0.0,0.0,5568,3708,,6,1.66,,1
Canon 6D Nikon 300mm AFS-II 300mm f2.8,_MG_9433.CR2,.CR2,9433,20083424,df0703852610532bae7d783885afc9b987488209c84d57097268e9cfd5769380,Canon,Canon EOS 6D,[SÈRIE],2024:04:08 20:15:51,56,,2024-04-08T20:15:51.56,,EXIF_DateTimeOriginal,2024-04-08T20:15:51.56,,,,2024-04-08T20:15:52+02:00,0.0008,1/1250,200,0.0,0.0,0.0,5568,3708,,6,1.54,,1
Canon 6D Nikon 300mm AFS-II 300mm f2.8,_MG_9434.CR2,.CR2,9434,19813739,65c2cfa729d0201ce73872cad6f3ccbb837c2b779e104f8ef3f5d8c2bf6c6f2a,Canon,Canon EOS 6D,[SÈRIE],2024:04:08 20:15:53,22,,2024-04-08T20:15:53.22,,EXIF_DateTimeOriginal,2024-04-08T20:15:53.22,,,,2024-04-08T20:15:54+02:00,0.0008,1/1250,200,0.0,0.0,0.0,5568,3708,,6,1.66,,1
Canon 6D Nikon 300mm AFS-II 300mm f2.8,_MG_9435.CR2,.CR2,9435,19543432,dbfcd30b55a5b473ddbad9a778c477e2454758ff547f7d550db9fa0f41db4a5f,Canon,Canon EOS 6D,[SÈRIE],2024:04:08 20:15:54,76,,2024-04-08T20:15:54.76,,EXIF_DateTimeOriginal,2024-04-08T20:15:54.76,,,,2024-04-08T20:15:55+02:00,0.0008,1/1250,200,0.0,0.0,0.0,5568,3708,,6,1.54,,1
Canon 6D Nikon 300mm AFS-II 300mm f2.8,_MG_9436.CR2,.CR2,9436,19229094,f1201297adcc4cb6b94943c90751910331433fc237cd17719114c21e7d50316c,Canon,Canon EOS 6D,[SÈRIE],2024:04:08 20:15:56,84,,2024-04-08T20:15:56.84,,EXIF_DateTimeOriginal,2024-04-08T20:15:56.84,,,,2024-04-08T20:15:57+02:00,0.00025,1/4000,200,0.0,0.0,0.0,5568,3708,,6,2.08,,1
Canon 6D Nikon 300mm AFS-II 300mm f2.8,_MG_9437.CR2,.CR2,9437,19202647,65c2490d40dca3bea48f6872bbd501ffab63c522ac57e9b7dab18ad65458db3b,Canon,Canon EOS 6D,[SÈRIE],2024:04:08 20:15:58,49,,2024-04-08T20:15:58.49,,EXIF_DateTimeOriginal,2024-04-08T20:15:58.49,,,,2024-04-08T20:15:59+02:00,0.00025,1/4000,200,0.0,0.0,0.0,5568,3708,,6,1.65,,1
Canon 6D Nikon 300mm AFS-II 300mm f2.8,_MG_9438.CR2,.CR2,9438,19197477,7dbc97bca97d778291b1beba1013fa6377bb5d8815d2ae45546e980f64e4e6ef,Canon,Canon EOS 6D,[SÈRIE],2024:04:08 20:16:00,04,,2024-04-08T20:16:00.04,,EXIF_DateTimeOriginal,2024-04-08T20:16:00.04,,,,2024-04-08T20:16:00+02:00,0.00025,1/4000,200,0.0,0.0,0.0,5568,3708,,6,1.55,,1
Canon 6D Nikon 300mm AFS-II 300mm f2.8,_MG_9439.CR2,.CR2,9439,19194948,65990843e9aa12030a827d352001c883cb11d51449ae2991608b9d8253f174d3,Canon,Canon EOS 6D,[SÈRIE],2024:04:08 20:16:01,58,,2024-04-08T20:16:01.58,,EXIF_DateTimeOriginal,2024-04-08T20:16:01.58,,,,2024-04-08T20:16:02+02:00,0.00025,1/4000,200,0.0,0.0,0.0,5568,3708,,6,1.54,,1
Canon 6D Nikon 300mm AFS-II 300mm f2.8,_MG_9440.CR2,.CR2,9440,19198174,f502105525661cb5889bdff227a200fa97b8c2826c59af3371b305c6d896def4,Canon,Canon EOS 6D,[SÈRIE],2024:04:08 20:16:03,24,,2024-04-08T20:16:03.24,,EXIF_DateTimeOriginal,2024-04-08T20:16:03.24,,,,2024-04-08T20:16:04+02:00,0.00025,1/4000,200,0.0,0.0,0.0,5568,3708,,6,1.66,,1
Canon 6D Nikon 300mm AFS-II 300mm f2.8,_MG_9441.CR2,.CR2,9441,19201768,9b8f347910f8346ee0384305c5fb0b70f7ca588069cfc606780541f604c4705b,Canon,Canon EOS 6D,[SÈRIE],2024:04:08 20:16:04,80,,2024-04-08T20:16:04.8,,EXIF_DateTimeOriginal,2024-04-08T20:16:04.8,,,,2024-04-08T20:16:05+02:00,0.00025,1/4000,200,0.0,0.0,0.0,5568,3708,,6,1.56,,1
Canon 6D Nikon 300mm AFS-II 300mm f2.8,_MG_9442.CR2,.CR2,9442,19198034,7a05d1e7163151e298e484a9ca8e85361128a5b59a1785904148e06734f40efd,Canon,Canon EOS 6D,[SÈRIE],2024:04:08 20:16:06,86,,2024-04-08T20:16:06.86,,EXIF_DateTimeOriginal,2024-04-08T20:16:06.86,,,,2024-04-08T20:16:07+02:00,0.00025,1/4000,200,0.0,0.0,0.0,5568,3708,,6,2.06,,1
Canon 6D Nikon 300mm AFS-II 300mm f2.8,_MG_9443.CR2,.CR2,9443,19197569,d842e7b7ec9d82025f6e48ff3864be24e1ddcf04263528d2c67ce8a7d0f15b70,Canon,Canon EOS 6D,[SÈRIE],2024:04:08 20:16:08,51,,2024-04-08T20:16:08.51,,EXIF_DateTimeOriginal,2024-04-08T20:16:08.51,,,,2024-04-08T20:16:09+02:00,0.00025,1/4000,200,0.0,0.0,0.0,5568,3708,,6,1.65,,1
Canon 6D Nikon 300mm AFS-II 300mm f2.8,_MG_9444.CR2,.CR2,9444,19212379,96f59c1c9be1f305a468a9c5075a24aaec06757b7832e5e98a632326700639b8,Canon,Canon EOS 6D,[SÈRIE],2024:04:08 20:16:10,59,,2024-04-08T20:16:10.59,,EXIF_DateTimeOriginal,2024-04-08T20:16:10.59,,,,2024-04-08T20:16:11+02:00,0.0004,1/2500,200,0.0,0.0,0.0,5568,3708,,6,2.08,,1
Canon 6D Nikon 300mm AFS-II 300mm f2.8,_MG_9445.CR2,.CR2,9445,19201841,573c022ed1b777420e3c84a8d3814efcac5f33660e26fb56b261b6b6ac684aa8,Canon,Canon EOS 6D,[SÈRIE],2024:04:08 20:16:12,22,,2024-04-08T20:16:12.22,,EXIF_DateTimeOriginal,2024-04-08T20:16:12.22,,,,2024-04-08T20:16:13+02:00,0.0004,1/2500,200,0.0,0.0,0.0,5568,3708,,6,1.63,,1
Canon 6D Nikon 300mm AFS-II 300mm f2.8,_MG_9446.CR2,.CR2,9446,19230312,68b1cbf4aab9f40cc976a6f316feb5daaf25cb61c2fc1c5e40a5b989f75fa133,Canon,Canon EOS 6D,[SÈRIE],2024:04:08 20:16:14,29,,2024-04-08T20:16:14.29,,EXIF_DateTimeOriginal,2024-04-08T20:16:14.29,,,,2024-04-08T20:16:15+02:00,0.001,1/1000,200,0.0,0.0,0.0,5568,3708,,6,2.07,,1
Canon 6D Nikon 300mm AFS-II 300mm f2.8,_MG_9447.CR2,.CR2,9447,19237011,c84e5497fc090e715ee14d3f948fd9f90d50e145f3a19edc07f80e8098c9709e,Canon,Canon EOS 6D,[SÈRIE],2024:04:08 20:16:15,94,,2024-04-08T20:16:15.94,,EXIF_DateTimeOriginal,2024-04-08T20:16:15.94,,,,2024-04-08T20:16:16+02:00,0.001,1/1000,200,0.0,0.0,0.0,5568,3708,,6,1.65,,1
Canon 6D Nikon 300mm AFS-II 300mm f2.8,_MG_9448.CR2,.CR2,9448,19277788,587033426d7fd5a2b807f9b3b2cdf3d6a945f51728f6ccee0091b534052bb138,Canon,Canon EOS 6D,[SÈRIE],2024:04:08 20:16:18,13,,2024-04-08T20:16:18.13,,EXIF_DateTimeOriginal,2024-04-08T20:16:18.13,,,,2024-04-08T20:16:19+02:00,0.002,1/500,200,0.0,0.0,0.0,5568,3708,,6,2.19,,1
Canon 6D Nikon 300mm AFS-II 300mm f2.8,_MG_9449.CR2,.CR2,9449,19277477,52315e67c9b5fc75e23a14db5511938f31aa3e4af9626ed7533d180829c16e8c,Canon,Canon EOS 6D,[SÈRIE],2024:04:08 20:16:19,67,,2024-04-08T20:16:19.67,,EXIF_DateTimeOriginal,2024-04-08T20:16:19.67,,,,2024-04-08T20:16:20+02:00,0.002,1/500,200,0.0,0.0,0.0,5568,3708,,6,1.54,,1
Canon 6D Nikon 300mm AFS-II 300mm f2.8,_MG_9450.CR2,.CR2,9450,19374066,95b2b79b30347f9202c89b92b776f590098068292cdabfac3be6689561374bc4,Canon,Canon EOS 6D,[SÈRIE],2024:04:08 20:16:21,71,,2024-04-08T20:16:21.71,,EXIF_DateTimeOriginal,2024-04-08T20:16:21.71,,,,2024-04-08T20:16:22+02:00,0.005,1/200,200,0.0,0.0,0.0,5568,3708,,6,2.04,,1
Canon 6D Nikon 300mm AFS-II 300mm f2.8,_MG_9451.CR2,.CR2,9451,19366138,1589fb22ff6056c08cbef74624f43211c4b1464aa75ae3a6b653fb9a41df1117,Canon,Canon EOS 6D,[SÈRIE],2024:04:08 20:16:23,36,,2024-04-08T20:16:23.36,,EXIF_DateTimeOriginal,2024-04-08T20:16:23.36,,,,2024-04-08T20:16:24+02:00,0.005,1/200,200,0.0,0.0,0.0,5568,3708,,6,1.65,,1
Canon 6D Nikon 300mm AFS-II 300mm f2.8,_MG_9452.CR2,.CR2,9452,19566732,864e7486889edffc60474e565ccdbdf07ddbbe3e218f2a0f22d143e916657d32,Canon,Canon EOS 6D,[SÈRIE],2024:04:08 20:16:25,39,,2024-04-08T20:16:25.39,,EXIF_DateTimeOriginal,2024-04-08T20:16:25.39,,,,2024-04-08T20:16:26+02:00,0.0125,1/80,200,0.0,0.0,0.0,5568,3708,,6,2.03,,1
Canon 6D Nikon 300mm AFS-II 300mm f2.8,_MG_9453.CR2,.CR2,9453,19553237,913a0fd16ecd217a1cb8eabaeec5fe93f80a95e244123d91da78c0a0f581cb56,Canon,Canon EOS 6D,[SÈRIE],2024:04:08 20:16:26,92,,2024-04-08T20:16:26.92,,EXIF_DateTimeOriginal,2024-04-08T20:16:26.92,,,,2024-04-08T20:16:27+02:00,0.0125,1/80,200,0.0,0.0,0.0,5568,3708,,6,1.53,,1
Canon 6D Nikon 300mm AFS-II 300mm f2.8,_MG_9454.CR2,.CR2,9454,19890125,a217096bf120e13d713ed48860c806718dcc44bb9e38746ea4f270dec42a8dd6,Canon,Canon EOS 6D,[SÈRIE],2024:04:08 20:16:29,08,,2024-04-08T20:16:29.08,,EXIF_DateTimeOriginal,2024-04-08T20:16:29.08,,,,2024-04-08T20:16:30+02:00,0.03333333333333333,1/30,200,0.0,0.0,0.0,5568,3708,,6,2.16,,1
Canon 6D Nikon 300mm AFS-II 300mm f2.8,_MG_9455.CR2,.CR2,9455,19890661,db8ed0b865e5d259aebbe61f4cb41fe9aa2afe77701841db9026b24fb85451a6,Canon,Canon EOS 6D,[SÈRIE],2024:04:08 20:16:30,69,,2024-04-08T20:16:30.69,,EXIF_DateTimeOriginal,2024-04-08T20:16:30.69,,,,2024-04-08T20:16:31+02:00,0.03333333333333333,1/30,200,0.0,0.0,0.0,5568,3708,,6,1.61,,1
Canon 6D Nikon 300mm AFS-II 300mm f2.8,_MG_9456.CR2,.CR2,9456,20234731,5173f5fee4f28f4b03768db8b9711077ca7605fa7a783145cff910a1f713694f,Canon,Canon EOS 6D,[SÈRIE],2024:04:08 20:16:32,86,,2024-04-08T20:16:32.86,,EXIF_DateTimeOriginal,2024-04-08T20:16:32.86,,,,2024-04-08T20:16:33+02:00,0.06666666666666667,1/15,200,0.0,0.0,0.0,5568,3708,,6,2.17,,1
Canon 6D Nikon 300mm AFS-II 300mm f2.8,_MG_9457.CR2,.CR2,9457,20238731,7afe2cd47c603af37405e5780080038a56a3587dcb3c228f48b2ed10853aa532,Canon,Canon EOS 6D,[SÈRIE],2024:04:08 20:16:34,41,,2024-04-08T20:16:34.41,,EXIF_DateTimeOriginal,2024-04-08T20:16:34.41,,,,2024-04-08T20:16:35+02:00,0.06666666666666667,1/15,200,0.0,0.0,0.0,5568,3708,,6,1.55,,1
Canon 6D Nikon 300mm AFS-II 300mm f2.8,_MG_9458.CR2,.CR2,9458,20636754,a0c2afb7aa870b879d81b4df22ef3bb3ad1e65b8044767fc70469e60f192b48d,Canon,Canon EOS 6D,[SÈRIE],2024:04:08 20:16:36,49,,2024-04-08T20:16:36.49,,EXIF_DateTimeOriginal,2024-04-08T20:16:36.49,,,,2024-04-08T20:16:37+02:00,0.125,1/8,200,0.0,0.0,0.0,5568,3708,,6,2.08,,1
Canon 6D Nikon 300mm AFS-II 300mm f2.8,_MG_9459.CR2,.CR2,9459,20621941,31ca0411f1fec086542140030ffce266ec87aceb291ac873e33a22c465186e00,Canon,Canon EOS 6D,[SÈRIE],2024:04:08 20:16:38,03,,2024-04-08T20:16:38.03,,EXIF_DateTimeOriginal,2024-04-08T20:16:38.03,,,,2024-04-08T20:16:39+02:00,0.125,1/8,200,0.0,0.0,0.0,5568,3708,,6,1.54,,1
Canon 6D Nikon 300mm AFS-II 300mm f2.8,_MG_9460.CR2,.CR2,9460,21043345,94ad376511554439747a0c2e0b4e061d533a66d1ea77664b51ec597ea8a69d8c,Canon,Canon EOS 6D,[SÈRIE],2024:04:08 20:16:40,20,,2024-04-08T20:16:40.2,,EXIF_DateTimeOriginal,2024-04-08T20:16:40.2,,,,2024-04-08T20:16:41+02:00,0.25,1/4,200,0.0,0.0,0.0,5568,3708,,6,2.17,,1
Canon 6D Nikon 300mm AFS-II 300mm f2.8,_MG_9461.CR2,.CR2,9461,21079925,b8b6993c5739c4484ae24644c552e8d831588cd524b38a934c4cacc6c2d91494,Canon,Canon EOS 6D,[SÈRIE],2024:04:08 20:16:41,80,,2024-04-08T20:16:41.8,,EXIF_DateTimeOriginal,2024-04-08T20:16:41.8,,,,2024-04-08T20:16:43+02:00,0.25,1/4,200,0.0,0.0,0.0,5568,3708,,6,1.6,,1
Canon 6D Nikon 300mm AFS-II 300mm f2.8,_MG_9462.CR2,.CR2,9462,21409496,5ee413122c63f59e7ea0206bcae72c3704ad7c8665c73932724ea8209caec565,Canon,Canon EOS 6D,[SÈRIE],2024:04:08 20:16:43,94,,2024-04-08T20:16:43.94,,EXIF_DateTimeOriginal,2024-04-08T20:16:43.94,,,,2024-04-08T20:16:45+02:00,0.4,2/5,200,0.0,0.0,0.0,5568,3708,,6,2.14,,1
Canon 6D Nikon 300mm AFS-II 300mm f2.8,_MG_9463.CR2,.CR2,9463,21400094,be2aca60ce9cb5faf8374d6561468ec8808a4a6ae8176074b0bbfb46a86f0373,Canon,Canon EOS 6D,[SÈRIE],2024:04:08 20:16:45,79,,2024-04-08T20:16:45.79,,EXIF_DateTimeOriginal,2024-04-08T20:16:45.79,,,,2024-04-08T20:16:47+02:00,0.4,2/5,200,0.0,0.0,0.0,5568,3708,,6,1.85,,1
Canon 6D Nikon 300mm AFS-II 300mm f2.8,_MG_9464.CR2,.CR2,9464,21846711,f763c8769f231f4f39f74e69b5db3eb16a300338013f18cddf26aae14a66ffce,Canon,Canon EOS 6D,[SÈRIE],2024:04:08 20:16:48,16,,2024-04-08T20:16:48.16,,EXIF_DateTimeOriginal,2024-04-08T20:16:48.16,,,,2024-04-08T20:16:49+02:00,0.6,3/5,200,0.0,0.0,0.0,5568,3708,,6,2.37,,1
Canon 6D Nikon 300mm AFS-II 300mm f2.8,_MG_9465.CR2,.CR2,9465,21736406,4b007def6b73fbcd41060b56aad47cdb17dce254ece875fc99c2e0cbfb741948,Canon,Canon EOS 6D,[SÈRIE],2024:04:08 20:16:50,22,,2024-04-08T20:16:50.22,,EXIF_DateTimeOriginal,2024-04-08T20:16:50.22,,,,2024-04-08T20:16:51+02:00,0.6,3/5,200,0.0,0.0,0.0,5568,3708,,6,2.06,,1
Canon 6D Nikon 300mm AFS-II 300mm f2.8,_MG_9466.CR2,.CR2,9466,22205673,ac67fe56e431ade55139376b077517e716c6f198a5e7dfdf94ee77843d4f7af0,Canon,Canon EOS 6D,[SÈRIE],2024:04:08 20:16:52,90,,2024-04-08T20:16:52.9,,EXIF_DateTimeOriginal,2024-04-08T20:16:52.9,,,,2024-04-08T20:16:55+02:00,1.0,1 s,200,0.0,0.0,0.0,5568,3708,,6,2.68,,1
Canon 6D Nikon 300mm AFS-II 300mm f2.8,_MG_9467.CR2,.CR2,9467,19187743,c234f5336a6c443e5732b2f77d7d663e150c6826f143271d61d27f91a46cfddf,Canon,Canon EOS 6D,[SÈRIE],2024:04:08 20:16:56,37,,2024-04-08T20:16:56.37,,EXIF_DateTimeOriginal,2024-04-08T20:16:56.37,,,,2024-04-08T20:16:57+02:00,0.00025,1/4000,200,0.0,0.0,0.0,5568,3708,,6,3.47,,1
Canon 6D Nikon 300mm AFS-II 300mm f2.8,_MG_9468.CR2,.CR2,9468,19183445,078b3835df43a9d49bc2e68e77726ba3f7d7b3b898cf16963349e046fb65c75b,Canon,Canon EOS 6D,[SÈRIE],2024:04:08 20:16:57,92,,2024-04-08T20:16:57.92,,EXIF_DateTimeOriginal,2024-04-08T20:16:57.92,,,,2024-04-08T20:16:58+02:00,0.00025,1/4000,200,0.0,0.0,0.0,5568,3708,,6,1.55,,1
Canon 6D Nikon 300mm AFS-II 300mm f2.8,_MG_9469.CR2,.CR2,9469,19198864,1b471d41b8ee2c064cad700be62031a1ecfa77135fba5e22378376c6843a6b05,Canon,Canon EOS 6D,[SÈRIE],2024:04:08 20:17:00,12,,2024-04-08T20:17:00.12,,EXIF_DateTimeOriginal,2024-04-08T20:17:00.12,,,,2024-04-08T20:17:01+02:00,0.0004,1/2500,200,0.0,0.0,0.0,5568,3708,,6,2.2,,1
Canon 6D Nikon 300mm AFS-II 300mm f2.8,_MG_9470.CR2,.CR2,9470,19198081,b9c2f219c7880f242a597bd05026265b09772fd494cd96424f2d67d43636ba0b,Canon,Canon EOS 6D,[SÈRIE],2024:04:08 20:17:01,78,,2024-04-08T20:17:01.78,,EXIF_DateTimeOriginal,2024-04-08T20:17:01.78,,,,2024-04-08T20:17:02+02:00,0.0004,1/2500,200,0.0,0.0,0.0,5568,3708,,6,1.66,,1
Canon 6D Nikon 300mm AFS-II 300mm f2.8,_MG_9471.CR2,.CR2,9471,19255741,38ca67d6d3e2e0a2890a48663b498cdebb27be32ffc9777e60174e5f19efbdf9,Canon,Canon EOS 6D,[SÈRIE],2024:04:08 20:17:03,85,,2024-04-08T20:17:03.85,,EXIF_DateTimeOriginal,2024-04-08T20:17:03.85,,,,2024-04-08T20:17:04+02:00,0.001,1/1000,200,0.0,0.0,0.0,5568,3708,,6,2.07,,1
Canon 6D Nikon 300mm AFS-II 300mm f2.8,_MG_9472.CR2,.CR2,9472,19263357,bf5f55d04780a963ccd2c61bc982a55d187ef9b5995ca134dce3451ca099f175,Canon,Canon EOS 6D,[SÈRIE],2024:04:08 20:17:05,51,,2024-04-08T20:17:05.51,,EXIF_DateTimeOriginal,2024-04-08T20:17:05.51,,,,2024-04-08T20:17:06+02:00,0.001,1/1000,200,0.0,0.0,0.0,5568,3708,,6,1.66,,1
Canon 6D Nikon 300mm AFS-II 300mm f2.8,_MG_9473.CR2,.CR2,9473,19298330,13ac6686c735db83a3eddbef7bae2d875602746c047154a2c4340664b032dc51,Canon,Canon EOS 6D,[SÈRIE],2024:04:08 20:17:07,69,,2024-04-08T20:17:07.69,,EXIF_DateTimeOriginal,2024-04-08T20:17:07.69,,,,2024-04-08T20:17:08+02:00,0.002,1/500,200,0.0,0.0,0.0,5568,3708,,6,2.18,,1
Canon 6D Nikon 300mm AFS-II 300mm f2.8,_MG_9474.CR2,.CR2,9474,19295815,cb56abddd6fde66b097bbcf3ae7b223110beb2277fe4a3ebea36b34c1f462289,Canon,Canon EOS 6D,[SÈRIE],2024:04:08 20:17:09,24,,2024-04-08T20:17:09.24,,EXIF_DateTimeOriginal,2024-04-08T20:17:09.24,,,,2024-04-08T20:17:10+02:00,0.002,1/500,200,0.0,0.0,0.0,5568,3708,,6,1.55,,1
Canon 6D Nikon 300mm AFS-II 300mm f2.8,_MG_9475.CR2,.CR2,9475,19380701,4c85a7097f625636c244ea41d61a6afddfb02b4f78ccfc73b6870bfba04bb3f8,Canon,Canon EOS 6D,[SÈRIE],2024:04:08 20:17:11,43,,2024-04-08T20:17:11.43,,EXIF_DateTimeOriginal,2024-04-08T20:17:11.43,,,,2024-04-08T20:17:12+02:00,0.005,1/200,200,0.0,0.0,0.0,5568,3708,,6,2.19,,1
Canon 6D Nikon 300mm AFS-II 300mm f2.8,_MG_9476.CR2,.CR2,9476,19376311,61bc1e3e8811e7c7a623f5a5b6b789863bd85e8de15b0d5743fd5e626bce9eb6,Canon,Canon EOS 6D,[SÈRIE],2024:04:08 20:17:12,97,,2024-04-08T20:17:12.97,,EXIF_DateTimeOriginal,2024-04-08T20:17:12.97,,,,2024-04-08T20:17:13+02:00,0.005,1/200,200,0.0,0.0,0.0,5568,3708,,6,1.54,,1
Canon 6D Nikon 300mm AFS-II 300mm f2.8,_MG_9477.CR2,.CR2,9477,19511119,fc3ae7b59e6874bea2927b78be451ecf9e69ff530cbb5ff441b0fb16124f64c7,Canon,Canon EOS 6D,[SÈRIE],2024:04:08 20:17:15,05,,2024-04-08T20:17:15.05,,EXIF_DateTimeOriginal,2024-04-08T20:17:15.05,,,,2024-04-08T20:17:16+02:00,0.0125,1/80,200,0.0,0.0,0.0,5568,3708,,6,2.08,,1
Canon 6D Nikon 300mm AFS-II 300mm f2.8,_MG_9478.CR2,.CR2,9478,19503492,7d2618ddddf32971e22d1c4495f7edd2c51fee3bf32a3fc2bde3a1619f20fa68,Canon,Canon EOS 6D,[SÈRIE],2024:04:08 20:17:16,59,,2024-04-08T20:17:16.59,,EXIF_DateTimeOriginal,2024-04-08T20:17:16.59,,,,2024-04-08T20:17:17+02:00,0.0125,1/80,200,0.0,0.0,0.0,5568,3708,,6,1.54,,1
Canon 6D Nikon 300mm AFS-II 300mm f2.8,_MG_9479.CR2,.CR2,9479,19793653,a3fbf1aa2c371e4ff34c60fb139b9280d9c223378abe0a0e8b09d5d9a3a9f079,Canon,Canon EOS 6D,[SÈRIE],2024:04:08 20:17:18,67,,2024-04-08T20:17:18.67,,EXIF_DateTimeOriginal,2024-04-08T20:17:18.67,,,,2024-04-08T20:17:19+02:00,0.03333333333333333,1/30,200,0.0,0.0,0.0,5568,3708,,6,2.08,,1
Canon 6D Nikon 300mm AFS-II 300mm f2.8,_MG_9480.CR2,.CR2,9480,19788522,c24eb40c9fe7d66c61f26499b23978d7a37e48acbd9470441dda33a2640be001,Canon,Canon EOS 6D,[SÈRIE],2024:04:08 20:17:20,31,,2024-04-08T20:17:20.31,,EXIF_DateTimeOriginal,2024-04-08T20:17:20.31,,,,2024-04-08T20:17:21+02:00,0.03333333333333333,1/30,200,0.0,0.0,0.0,5568,3708,,6,1.64,,1
Canon 6D Nikon 300mm AFS-II 300mm f2.8,_MG_9481.CR2,.CR2,9481,20075378,f1e259f2bfc1dfdde3c66a36b5aa346ab2d3c90f37ec854d455a03a7a62d512c,Canon,Canon EOS 6D,[SÈRIE],2024:04:08 20:17:22,37,,2024-04-08T20:17:22.37,,EXIF_DateTimeOriginal,2024-04-08T20:17:22.37,,,,2024-04-08T20:17:23+02:00,0.06666666666666667,1/15,200,0.0,0.0,0.0,5568,3708,,6,2.06,,1
Canon 6D Nikon 300mm AFS-II 300mm f2.8,_MG_9482.CR2,.CR2,9482,20085781,a48d5cacca82357f20e0e6e12b3cd3504aac2f5907488bdf74c4233ad9b5d4d2,Canon,Canon EOS 6D,[SÈRIE],2024:04:08 20:17:24,03,,2024-04-08T20:17:24.03,,EXIF_DateTimeOriginal,2024-04-08T20:17:24.03,,,,2024-04-08T20:17:25+02:00,0.06666666666666667,1/15,200,0.0,0.0,0.0,5568,3708,,6,1.66,,1
Canon 6D Nikon 300mm AFS-II 300mm f2.8,_MG_9483.CR2,.CR2,9483,20438309,60c47f5ef542167956e540a1614ee1101dbc0eab10eced0e61b6a70e002dea26,Canon,Canon EOS 6D,[SÈRIE],2024:04:08 20:17:26,20,,2024-04-08T20:17:26.2,,EXIF_DateTimeOriginal,2024-04-08T20:17:26.2,,,,2024-04-08T20:17:27+02:00,0.125,1/8,200,0.0,0.0,0.0,5568,3708,,6,2.17,,1
Canon 6D Nikon 300mm AFS-II 300mm f2.8,_MG_9484.CR2,.CR2,9484,20456610,9687305110dcf21b71af13f4ed5bdb6657cb13af46174490d7b5177a95881ca1,Canon,Canon EOS 6D,[SÈRIE],2024:04:08 20:17:27,76,,2024-04-08T20:17:27.76,,EXIF_DateTimeOriginal,2024-04-08T20:17:27.76,,,,2024-04-08T20:17:28+02:00,0.125,1/8,200,0.0,0.0,0.0,5568,3708,,6,1.56,,1
Canon 6D Nikon 300mm AFS-II 300mm f2.8,_MG_9485.CR2,.CR2,9485,20902634,5236a6bd479214e3fc65cfcf60759bfd3c14d2595ef23d30677ae32e9ed36476,Canon,Canon EOS 6D,[SÈRIE],2024:04:08 20:17:29,93,,2024-04-08T20:17:29.93,,EXIF_DateTimeOriginal,2024-04-08T20:17:29.93,,,,2024-04-08T20:17:31+02:00,0.25,1/4,200,0.0,0.0,0.0,5568,3708,,6,2.17,,1
Canon 6D Nikon 300mm AFS-II 300mm f2.8,_MG_9486.CR2,.CR2,9486,20901830,0a51da7f507511fc6d2a31efde04e36ac4495ca3b99aa95b1e9bdce6e1e34c3c,Canon,Canon EOS 6D,[SÈRIE],2024:04:08 20:17:31,64,,2024-04-08T20:17:31.64,,EXIF_DateTimeOriginal,2024-04-08T20:17:31.64,,,,2024-04-08T20:17:32+02:00,0.25,1/4,200,0.0,0.0,0.0,5568,3708,,6,1.71,,1
Canon 6D Nikon 300mm AFS-II 300mm f2.8,_MG_9487.CR2,.CR2,9487,21145188,9b12acd59ea4649db5b94c481ff8593605773efcdc4ee7dec98f2af8319a3aac,Canon,Canon EOS 6D,[SÈRIE],2024:04:08 20:17:33,87,,2024-04-08T20:17:33.87,,EXIF_DateTimeOriginal,2024-04-08T20:17:33.87,,,,2024-04-08T20:17:35+02:00,0.4,2/5,200,0.0,0.0,0.0,5568,3708,,6,2.23,,1
Canon 6D Nikon 300mm AFS-II 300mm f2.8,_MG_9488.CR2,.CR2,9488,21127163,51afa7d52cbc458166ca667cae69ee4f3ea51acc4f1abf5962291dca6d4f3724,Canon,Canon EOS 6D,[SÈRIE],2024:04:08 20:17:35,73,,2024-04-08T20:17:35.73,,EXIF_DateTimeOriginal,2024-04-08T20:17:35.73,,,,2024-04-08T20:17:37+02:00,0.4,2/5,200,0.0,0.0,0.0,5568,3708,,6,1.86,,1
Canon 6D Nikon 300mm AFS-II 300mm f2.8,_MG_9489.CR2,.CR2,9489,21428221,4b83c8e694d9f916314f10c6693a79dc5b07a972726e9da707b3a56cf6ffd264,Canon,Canon EOS 6D,[SÈRIE],2024:04:08 20:17:38,13,,2024-04-08T20:17:38.13,,EXIF_DateTimeOriginal,2024-04-08T20:17:38.13,,,,2024-04-08T20:17:39+02:00,0.6,3/5,200,0.0,0.0,0.0,5568,3708,,6,2.4,,1
Canon 6D Nikon 300mm AFS-II 300mm f2.8,_MG_9490.CR2,.CR2,9490,21436875,e7667e65a221739a2c60b824d10f179553a13b5f3a99928f6a9191195872b259,Canon,Canon EOS 6D,[SÈRIE],2024:04:08 20:17:40,25,,2024-04-08T20:17:40.25,,EXIF_DateTimeOriginal,2024-04-08T20:17:40.25,,,,2024-04-08T20:17:41+02:00,0.6,3/5,200,0.0,0.0,0.0,5568,3708,,6,2.12,,1
Canon 6D Nikon 300mm AFS-II 300mm f2.8,_MG_9491.CR2,.CR2,9491,21774509,38d46485cf4b6fa5d228b67700a5257b6ed38ceb6ac837ab7204d218cc1ee68b,Canon,Canon EOS 6D,[SÈRIE],2024:04:08 20:17:42,79,,2024-04-08T20:17:42.79,,EXIF_DateTimeOriginal,2024-04-08T20:17:42.79,,,,2024-04-08T20:17:44+02:00,1.0,1 s,200,0.0,0.0,0.0,5568,3708,,6,2.54,,1
Canon 6D Nikon 300mm AFS-II 300mm f2.8,_MG_9492.CR2,.CR2,9492,19189614,80c50bb4e1e82fb53879110b84734d49cbd643e7500769c66cc3236812d718dc,Canon,Canon EOS 6D,[SÈRIE],2024:04:08 20:17:46,38,,2024-04-08T20:17:46.38,,EXIF_DateTimeOriginal,2024-04-08T20:17:46.38,,,,2024-04-08T20:17:47+02:00,0.00025,1/4000,200,0.0,0.0,0.0,5568,3708,,6,3.59,,1
Canon 6D Nikon 300mm AFS-II 300mm f2.8,_MG_9493.CR2,.CR2,9493,19190910,d77853fe2e6b8de7a23f95b752e07a53c0dfc313a1d2c2c97cea44550c9c943e,Canon,Canon EOS 6D,[SÈRIE],2024:04:08 20:17:48,04,,2024-04-08T20:17:48.04,,EXIF_DateTimeOriginal,2024-04-08T20:17:48.04,,,,2024-04-08T20:17:49+02:00,0.00025,1/4000,200,0.0,0.0,0.0,5568,3708,,6,1.66,,1
Canon 6D Nikon 300mm AFS-II 300mm f2.8,_MG_9494.CR2,.CR2,9494,19207997,52c2c7dd68f71a5dd0e20d358698d30fc501ecb3f01f82a16cf423788326ab46,Canon,Canon EOS 6D,[SÈRIE],2024:04:08 20:17:50,57,,2024-04-08T20:17:50.57,,EXIF_DateTimeOriginal,2024-04-08T20:17:50.57,,,,2024-04-08T20:17:51+02:00,0.0004,1/2500,200,0.0,0.0,0.0,5568,3708,,6,2.53,,1
Canon 6D Nikon 300mm AFS-II 300mm f2.8,_MG_9495.CR2,.CR2,9495,19204820,2ff4cfa5d7159001a4e269e9a334c701706f13eea7a4a92cfe8ed790710d51ef,Canon,Canon EOS 6D,[SÈRIE],2024:04:08 20:17:52,12,,2024-04-08T20:17:52.12,,EXIF_DateTimeOriginal,2024-04-08T20:17:52.12,,,,2024-04-08T20:17:53+02:00,0.0004,1/2500,200,0.0,0.0,0.0,5568,3708,,6,1.55,,1
Canon 6D Nikon 300mm AFS-II 300mm f2.8,_MG_9496.CR2,.CR2,9496,19261041,c413efbbef9d7474a210a1fa494a756fe269f3184804e65243b87ee4400b0c8a,Canon,Canon EOS 6D,[SÈRIE],2024:04:08 20:17:54,20,,2024-04-08T20:17:54.2,,EXIF_DateTimeOriginal,2024-04-08T20:17:54.2,,,,2024-04-08T20:17:55+02:00,0.001,1/1000,200,0.0,0.0,0.0,5568,3708,,6,2.08,,1
Canon 6D Nikon 300mm AFS-II 300mm f2.8,_MG_9497.CR2,.CR2,9497,19264796,1d6c5c914dc33484f4d118a96c71f36185a841208ff7508cfd3596e503f3ae8d,Canon,Canon EOS 6D,[SÈRIE],2024:04:08 20:17:55,75,,2024-04-08T20:17:55.75,,EXIF_DateTimeOriginal,2024-04-08T20:17:55.75,,,,2024-04-08T20:17:56+02:00,0.001,1/1000,200,0.0,0.0,0.0,5568,3708,,6,1.55,,1
Canon 6D Nikon 300mm AFS-II 300mm f2.8,_MG_9498.CR2,.CR2,9498,19297971,3fd798f7cb967eebc054fa13ff37926ee14b2587a38fc24101e50ce513b0d2f9,Canon,Canon EOS 6D,[SÈRIE],2024:04:08 20:17:57,84,,2024-04-08T20:17:57.84,,EXIF_DateTimeOriginal,2024-04-08T20:17:57.84,,,,2024-04-08T20:17:58+02:00,0.002,1/500,200,0.0,0.0,0.0,5568,3708,,6,2.09,,1
Canon 6D Nikon 300mm AFS-II 300mm f2.8,_MG_9499.CR2,.CR2,9499,19293125,3f018f7ce71d138c92d1b36b6cccc112dc4b42afe43019fa94940d4a57cb6fb2,Canon,Canon EOS 6D,[SÈRIE],2024:04:08 20:17:59,50,,2024-04-08T20:17:59.5,,EXIF_DateTimeOriginal,2024-04-08T20:17:59.5,,,,2024-04-08T20:18:00+02:00,0.002,1/500,200,0.0,0.0,0.0,5568,3708,,6,1.66,,1
Canon 6D Nikon 300mm AFS-II 300mm f2.8,_MG_9500.CR2,.CR2,9500,19357615,11e020338867c5d81e2747cd56f1fa0d3561044dcc15a6b94aab3befd793eaff,Canon,Canon EOS 6D,[SÈRIE],2024:04:08 20:18:01,69,,2024-04-08T20:18:01.69,,EXIF_DateTimeOriginal,2024-04-08T20:18:01.69,,,,2024-04-08T20:18:02+02:00,0.005,1/200,200,0.0,0.0,0.0,5568,3708,,6,2.19,,1
Canon 6D Nikon 300mm AFS-II 300mm f2.8,_MG_9501.CR2,.CR2,9501,19347455,52ec4466cc481bad11ebba877b817aa201a2a03f370aed62f57f24f1ff6543ae,Canon,Canon EOS 6D,[SÈRIE],2024:04:08 20:18:03,24,,2024-04-08T20:18:03.24,,EXIF_DateTimeOriginal,2024-04-08T20:18:03.24,,,,2024-04-08T20:18:04+02:00,0.005,1/200,200,0.0,0.0,0.0,5568,3708,,6,1.55,,1
Canon 6D Nikon 300mm AFS-II 300mm f2.8,_MG_9502.CR2,.CR2,9502,19528837,76f51bf7a7327a52442bbd7e87e075a7435fc71937d01762dc1e4b105e45038b,Canon,Canon EOS 6D,[SÈRIE],2024:04:08 20:18:05,32,,2024-04-08T20:18:05.32,,EXIF_DateTimeOriginal,2024-04-08T20:18:05.32,,,,2024-04-08T20:18:06+02:00,0.0125,1/80,200,0.0,0.0,0.0,5568,3708,,6,2.08,,1
Canon 6D Nikon 300mm AFS-II 300mm f2.8,_MG_9503.CR2,.CR2,9503,19532422,b43d1153a189f6421a01233cc861b02d07087a23dd183ab5df1a3c2341010766,Canon,Canon EOS 6D,[SÈRIE],2024:04:08 20:18:06,99,,2024-04-08T20:18:06.99,,EXIF_DateTimeOriginal,2024-04-08T20:18:06.99,,,,2024-04-08T20:18:07+02:00,0.0125,1/80,200,0.0,0.0,0.0,5568,3708,,6,1.67,,1
Canon 6D Nikon 300mm AFS-II 300mm f2.8,_MG_9504.CR2,.CR2,9504,19836870,762dc6075939eae63cc9421eb2eaffbce2c54e301d97dc23db7c38face149a17,Canon,Canon EOS 6D,[SÈRIE],2024:04:08 20:18:09,04,,2024-04-08T20:18:09.04,,EXIF_DateTimeOriginal,2024-04-08T20:18:09.04,,,,2024-04-08T20:18:10+02:00,0.03333333333333333,1/30,200,0.0,0.0,0.0,5568,3708,,6,2.05,,1
Canon 6D Nikon 300mm AFS-II 300mm f2.8,_MG_9505.CR2,.CR2,9505,19838583,b6809c54be289832ed24fef8914b57da7ee0e1798528e24492e73f5d6708d6ec,Canon,Canon EOS 6D,[SÈRIE],2024:04:08 20:18:10,68,,2024-04-08T20:18:10.68,,EXIF_DateTimeOriginal,2024-04-08T20:18:10.68,,,,2024-04-08T20:18:11+02:00,0.03333333333333333,1/30,200,0.0,0.0,0.0,5568,3708,,6,1.64,,1
Canon 6D Nikon 300mm AFS-II 300mm f2.8,_MG_9506.CR2,.CR2,9506,20158741,c9aa2c2f385d8e369169d87d7ffdb99d98bd5303bcdc74d602d5ffaa1a724deb,Canon,Canon EOS 6D,[SÈRIE],2024:04:08 20:18:12,89,,2024-04-08T20:18:12.89,,EXIF_DateTimeOriginal,2024-04-08T20:18:12.89,,,,2024-04-08T20:18:13+02:00,0.06666666666666667,1/15,200,0.0,0.0,0.0,5568,3708,,6,2.21,,1
Canon 6D Nikon 300mm AFS-II 300mm f2.8,_MG_9507.CR2,.CR2,9507,20155061,c8abec44a91d395e9b00d703403fcc657ab1835ac32e057706c27164c6b9576d,Canon,Canon EOS 6D,[SÈRIE],2024:04:08 20:18:14,45,,2024-04-08T20:18:14.45,,EXIF_DateTimeOriginal,2024-04-08T20:18:14.45,,,,2024-04-08T20:18:15+02:00,0.06666666666666667,1/15,200,0.0,0.0,0.0,5568,3708,,6,1.56,,1
Canon 6D Nikon 300mm AFS-II 300mm f2.8,_MG_9508.CR2,.CR2,9508,20560634,67286f921a334548a505382f14fa952e37ad8f0c2a33904bdaa5f586f1337d04,Canon,Canon EOS 6D,[SÈRIE],2024:04:08 20:18:16,55,,2024-04-08T20:18:16.55,,EXIF_DateTimeOriginal,2024-04-08T20:18:16.55,,,,2024-04-08T20:18:17+02:00,0.125,1/8,200,0.0,0.0,0.0,5568,3708,,6,2.1,,1
Canon 6D Nikon 300mm AFS-II 300mm f2.8,_MG_9509.CR2,.CR2,9509,20565312,ed9786f65225f33b891a94130ffabb83cb0dac0db97d41264754e1b987f06f5f,Canon,Canon EOS 6D,[SÈRIE],2024:04:08 20:18:18,21,,2024-04-08T20:18:18.21,,EXIF_DateTimeOriginal,2024-04-08T20:18:18.21,,,,2024-04-08T20:18:19+02:00,0.125,1/8,200,0.0,0.0,0.0,5568,3708,,6,1.66,,1
Canon 6D Nikon 300mm AFS-II 300mm f2.8,_MG_9510.CR2,.CR2,9510,21008634,15329c845e560e3060a86eb608f1954042e78527526833e7806337a4d690bfd3,Canon,Canon EOS 6D,[SÈRIE],2024:04:08 20:18:20,41,,2024-04-08T20:18:20.41,,EXIF_DateTimeOriginal,2024-04-08T20:18:20.41,,,,2024-04-08T20:18:21+02:00,0.25,1/4,200,0.0,0.0,0.0,5568,3708,,6,2.2,,1
Canon 6D Nikon 300mm AFS-II 300mm f2.8,_MG_9511.CR2,.CR2,9511,20992084,66d78207702b32a20f508e7f440837a6ef88e4323f4d705a60ce2247e7df9600,Canon,Canon EOS 6D,[SÈRIE],2024:04:08 20:18:22,09,,2024-04-08T20:18:22.09,,EXIF_DateTimeOriginal,2024-04-08T20:18:22.09,,,,2024-04-08T20:18:23+02:00,0.25,1/4,200,0.0,0.0,0.0,5568,3708,,6,1.68,,1
Canon 6D Nikon 300mm AFS-II 300mm f2.8,_MG_9512.CR2,.CR2,9512,21289523,c7a31b5101592879c44a0cf34b1a9e18181244f338f8d3e4d2b187ef1d0cf8b2,Canon,Canon EOS 6D,[SÈRIE],2024:04:08 20:18:24,32,,2024-04-08T20:18:24.32,,EXIF_DateTimeOriginal,2024-04-08T20:18:24.32,,,,2024-04-08T20:18:25+02:00,0.4,2/5,200,0.0,0.0,0.0,5568,3708,,6,2.23,,1
Canon 6D Nikon 300mm AFS-II 300mm f2.8,_MG_9513.CR2,.CR2,9513,21274757,280b2e220032872ca801c406c1ca08f1f9f1ef61b3dab035f666209e44043c69,Canon,Canon EOS 6D,[SÈRIE],2024:04:08 20:18:26,07,,2024-04-08T20:18:26.07,,EXIF_DateTimeOriginal,2024-04-08T20:18:26.07,,,,2024-04-08T20:18:27+02:00,0.4,2/5,200,0.0,0.0,0.0,5568,3708,,6,1.75,,1
Canon 6D Nikon 300mm AFS-II 300mm f2.8,_MG_9514.CR2,.CR2,9514,21639246,092c8ff8f541eba3e2e20bb86327ce2cf1512e345f8562edff5b44dbc2a68df1,Canon,Canon EOS 6D,[SÈRIE],2024:04:08 20:18:28,37,,2024-04-08T20:18:28.37,,EXIF_DateTimeOriginal,2024-04-08T20:18:28.37,,,,2024-04-08T20:18:30+02:00,0.6,3/5,200,0.0,0.0,0.0,5568,3708,,6,2.3,,1
Canon 6D Nikon 300mm AFS-II 300mm f2.8,_MG_9515.CR2,.CR2,9515,21640092,e75b74dfc283a9818684bb56ed3fe490c83cf365153573c89e15f7aa104506e1,Canon,Canon EOS 6D,[SÈRIE],2024:04:08 20:18:30,38,,2024-04-08T20:18:30.38,,EXIF_DateTimeOriginal,2024-04-08T20:18:30.38,,,,2024-04-08T20:18:32+02:00,0.6,3/5,200,0.0,0.0,0.0,5568,3708,,6,2.01,,1
Canon 6D Nikon 300mm AFS-II 300mm f2.8,_MG_9516.CR2,.CR2,9516,22107782,2458e5f55f92c658b49d8f8b85722c83a523cc2a98c6655fc1c771355e93f529,Canon,Canon EOS 6D,[SÈRIE],2024:04:08 20:18:32,95,,2024-04-08T20:18:32.95,,EXIF_DateTimeOriginal,2024-04-08T20:18:32.95,,,,2024-04-08T20:18:35+02:00,1.0,1 s,200,0.0,0.0,0.0,5568,3708,,6,2.57,,1
Canon 6D Nikon 300mm AFS-II 300mm f2.8,_MG_9517.CR2,.CR2,9517,19180659,1d2b9705a4412f0407d3168dd99752749845c821e323831c3be683476038c487,Canon,Canon EOS 6D,[SÈRIE],2024:04:08 20:18:36,45,,2024-04-08T20:18:36.45,,EXIF_DateTimeOriginal,2024-04-08T20:18:36.45,,,,2024-04-08T20:18:37+02:00,0.00025,1/4000,200,0.0,0.0,0.0,5568,3708,,6,3.5,,1
Canon 6D Nikon 300mm AFS-II 300mm f2.8,_MG_9518.CR2,.CR2,9518,19176582,ca32225131232b7a931a780c40813fb94999ab01dad14f731c48cdc989a5e081,Canon,Canon EOS 6D,[SÈRIE],2024:04:08 20:18:38,11,,2024-04-08T20:18:38.11,,EXIF_DateTimeOriginal,2024-04-08T20:18:38.11,,,,2024-04-08T20:18:39+02:00,0.00025,1/4000,200,0.0,0.0,0.0,5568,3708,,6,1.66,,1
Canon 6D Nikon 300mm AFS-II 300mm f2.8,_MG_9519.CR2,.CR2,9519,19195995,4bc91b871bc3ed00b8470c5b6a109080bef79c5a08087a71a50cc30489c410bc,Canon,Canon EOS 6D,[SÈRIE],2024:04:08 20:18:40,19,,2024-04-08T20:18:40.19,,EXIF_DateTimeOriginal,2024-04-08T20:18:40.19,,,,2024-04-08T20:18:41+02:00,0.0004,1/2500,200,0.0,0.0,0.0,5568,3708,,6,2.08,,1
Canon 6D Nikon 300mm AFS-II 300mm f2.8,_MG_9520.CR2,.CR2,9520,19199270,a954d4d5f09c982268683292af767c16ddbd0557faf27da429bbc7f0e08a64fe,Canon,Canon EOS 6D,[SÈRIE],2024:04:08 20:18:41,85,,2024-04-08T20:18:41.85,,EXIF_DateTimeOriginal,2024-04-08T20:18:41.85,,,,2024-04-08T20:18:42+02:00,0.0004,1/2500,200,0.0,0.0,0.0,5568,3708,,6,1.66,,1
Canon 6D Nikon 300mm AFS-II 300mm f2.8,_MG_9521.CR2,.CR2,9521,19252579,d8396fc924c9b53cdec0dafb8673a785c27e9c22bf76d268675c81bdd21326e4,Canon,Canon EOS 6D,[SÈRIE],2024:04:08 20:18:44,02,,2024-04-08T20:18:44.02,,EXIF_DateTimeOriginal,2024-04-08T20:18:44.02,,,,2024-04-08T20:18:44+02:00,0.001,1/1000,200,0.0,0.0,0.0,5568,3708,,6,2.17,,1
Canon 6D Nikon 300mm AFS-II 300mm f2.8,_MG_9522.CR2,.CR2,9522,19246628,634ed54e501b875618b1b74a2442bc37b1f34aafa2012d60b62adc94705be081,Canon,Canon EOS 6D,[SÈRIE],2024:04:08 20:18:45,58,,2024-04-08T20:18:45.58,,EXIF_DateTimeOriginal,2024-04-08T20:18:45.58,,,,2024-04-08T20:18:46+02:00,0.001,1/1000,200,0.0,0.0,0.0,5568,3708,,6,1.56,,1
Canon 6D Nikon 300mm AFS-II 300mm f2.8,_MG_9523.CR2,.CR2,9523,19269084,1189b07885bf8c1e5905a97efc1a8aa92f4b24de831f471874af7ee9a0221f59,Canon,Canon EOS 6D,[SÈRIE],2024:04:08 20:18:47,67,,2024-04-08T20:18:47.67,,EXIF_DateTimeOriginal,2024-04-08T20:18:47.67,,,,2024-04-08T20:18:48+02:00,0.002,1/500,200,0.0,0.0,0.0,5568,3708,,6,2.09,,1
Canon 6D Nikon 300mm AFS-II 300mm f2.8,_MG_9524.CR2,.CR2,9524,19264772,3999301366eb072272f558b0f122333393da616bcf539fc2a67cdf068e1c2a55,Canon,Canon EOS 6D,[SÈRIE],2024:04:08 20:18:49,34,,2024-04-08T20:18:49.34,,EXIF_DateTimeOriginal,2024-04-08T20:18:49.34,,,,2024-04-08T20:18:50+02:00,0.002,1/500,200,0.0,0.0,0.0,5568,3708,,6,1.67,,1
Canon 6D Nikon 300mm AFS-II 300mm f2.8,_MG_9525.CR2,.CR2,9525,19345434,fac9cedcabe4525cb71429939f251244b3fa8285c1ae6dded7285323344541a8,Canon,Canon EOS 6D,[SÈRIE],2024:04:08 20:18:51,53,,2024-04-08T20:18:51.53,,EXIF_DateTimeOriginal,2024-04-08T20:18:51.53,,,,2024-04-08T20:18:52+02:00,0.005,1/200,200,0.0,0.0,0.0,5568,3708,,6,2.19,,1
Canon 6D Nikon 300mm AFS-II 300mm f2.8,_MG_9526.CR2,.CR2,9526,19347788,03641cecebb3c77771d9e939e24ae633713a247ee0aeb88c80f76fa33da23e71,Canon,Canon EOS 6D,[SÈRIE],2024:04:08 20:18:53,08,,2024-04-08T20:18:53.08,,EXIF_DateTimeOriginal,2024-04-08T20:18:53.08,,,,2024-04-08T20:18:54+02:00,0.005,1/200,200,0.0,0.0,0.0,5568,3708,,6,1.55,,1
Canon 6D Nikon 300mm AFS-II 300mm f2.8,_MG_9527.CR2,.CR2,9527,19549098,9cfa94b2555174127e7facba94001e505c1c40b52e9af0164e6e694e0718a125,Canon,Canon EOS 6D,[SÈRIE],2024:04:08 20:18:55,27,,2024-04-08T20:18:55.27,,EXIF_DateTimeOriginal,2024-04-08T20:18:55.27,,,,2024-04-08T20:18:56+02:00,0.0125,1/80,200,0.0,0.0,0.0,5568,3708,,6,2.19,,1
Canon 6D Nikon 300mm AFS-II 300mm f2.8,_MG_9528.CR2,.CR2,9528,19549855,4cc1dc7dff210b419cbece2e42d90a382eebd30aac6b33d9edfd5292ac56b751,Canon,Canon EOS 6D,[SÈRIE],2024:04:08 20:18:56,93,,2024-04-08T20:18:56.93,,EXIF_DateTimeOriginal,2024-04-08T20:18:56.93,,,,2024-04-08T20:18:57+02:00,0.0125,1/80,200,0.0,0.0,0.0,5568,3708,,6,1.66,,1
Canon 6D Nikon 300mm AFS-II 300mm f2.8,_MG_9529.CR2,.CR2,9529,19856300,942bd2f6fe29267194f1bd66089b148a243f9c6f4872046e09d78fed7977a5ae,Canon,Canon EOS 6D,[SÈRIE],2024:04:08 20:18:59,02,,2024-04-08T20:18:59.02,,EXIF_DateTimeOriginal,2024-04-08T20:18:59.02,,,,2024-04-08T20:19:00+02:00,0.03333333333333333,1/30,200,0.0,0.0,0.0,5568,3708,,6,2.09,,1
Canon 6D Nikon 300mm AFS-II 300mm f2.8,_MG_9530.CR2,.CR2,9530,19852350,8a479bab059a905b88a71b01f589243f2767fd5cb399388c7aed4c78fb6adf5b,Canon,Canon EOS 6D,[SÈRIE],2024:04:08 20:19:00,68,,2024-04-08T20:19:00.68,,EXIF_DateTimeOriginal,2024-04-08T20:19:00.68,,,,2024-04-08T20:19:01+02:00,0.03333333333333333,1/30,200,0.0,0.0,0.0,5568,3708,,6,1.66,,1
Canon 6D Nikon 300mm AFS-II 300mm f2.8,_MG_9531.CR2,.CR2,9531,20175245,d4eb452fc2337df254a77564018eaabfa0d20fee9542b79f5cf918d40b489c53,Canon,Canon EOS 6D,[SÈRIE],2024:04:08 20:19:02,87,,2024-04-08T20:19:02.87,,EXIF_DateTimeOriginal,2024-04-08T20:19:02.87,,,,2024-04-08T20:19:03+02:00,0.06666666666666667,1/15,200,0.0,0.0,0.0,5568,3708,,6,2.19,,1
Canon 6D Nikon 300mm AFS-II 300mm f2.8,_MG_9532.CR2,.CR2,9532,20170821,8b1be371bcf8914bcb99a52fb4ea0df5ed76aa6b9336b6931d236be37bd54fe5,Canon,Canon EOS 6D,[SÈRIE],2024:04:08 20:19:04,42,,2024-04-08T20:19:04.42,,EXIF_DateTimeOriginal,2024-04-08T20:19:04.42,,,,2024-04-08T20:19:05+02:00,0.06666666666666667,1/15,200,0.0,0.0,0.0,5568,3708,,6,1.55,,1
Canon 6D Nikon 300mm AFS-II 300mm f2.8,_MG_9533.CR2,.CR2,9533,20581278,ed9ae04fc50a5bd36b047d4299f4b8e93924ade23fd3bcd5954b30a50c18a3da,Canon,Canon EOS 6D,[SÈRIE],2024:04:08 20:19:06,50,,2024-04-08T20:19:06.5,,EXIF_DateTimeOriginal,2024-04-08T20:19:06.5,,,,2024-04-08T20:19:07+02:00,0.125,1/8,200,0.0,0.0,0.0,5568,3708,,6,2.08,,1
Canon 6D Nikon 300mm AFS-II 300mm f2.8,_MG_9534.CR2,.CR2,9534,20581598,18d6ad9b49b402cd6e72d1d467c0a8eb804ea292d2bc0dbed32a3747f4538759,Canon,Canon EOS 6D,[SÈRIE],2024:04:08 20:19:08,17,,2024-04-08T20:19:08.17,,EXIF_DateTimeOriginal,2024-04-08T20:19:08.17,,,,2024-04-08T20:19:09+02:00,0.125,1/8,200,0.0,0.0,0.0,5568,3708,,6,1.67,,1
Canon 6D Nikon 300mm AFS-II 300mm f2.8,_MG_9535.CR2,.CR2,9535,21035387,cda0921b38dffa6325a4ce3664e5d52dae498ce0c86f31363ce7a4da247b6e90,Canon,Canon EOS 6D,[SÈRIE],2024:04:08 20:19:10,37,,2024-04-08T20:19:10.37,,EXIF_DateTimeOriginal,2024-04-08T20:19:10.37,,,,2024-04-08T20:19:11+02:00,0.25,1/4,200,0.0,0.0,0.0,5568,3708,,6,2.2,,1
Canon 6D Nikon 300mm AFS-II 300mm f2.8,_MG_9536.CR2,.CR2,9536,21019725,84cbc26789660d7398f4cf74faa5216a9237553ae23103310212bd7b65f7188e,Canon,Canon EOS 6D,[SÈRIE],2024:04:08 20:19:12,00,,2024-04-08T20:19:12,,EXIF_DateTimeOriginal,2024-04-08T20:19:12,,,,2024-04-08T20:19:13+02:00,0.25,1/4,200,0.0,0.0,0.0,5568,3708,,6,1.63,,1
Canon 6D Nikon 300mm AFS-II 300mm f2.8,_MG_9537.CR2,.CR2,9537,21334466,380fae10b8319d449c4ad5f6612e21ef8e26b6a1388ada42ed9540161ce45412,Canon,Canon EOS 6D,[SÈRIE],2024:04:08 20:19:14,12,,2024-04-08T20:19:14.12,,EXIF_DateTimeOriginal,2024-04-08T20:19:14.12,,,,2024-04-08T20:19:15+02:00,0.4,2/5,200,0.0,0.0,0.0,5568,3708,,6,2.12,,1
Canon 6D Nikon 300mm AFS-II 300mm f2.8,_MG_9538.CR2,.CR2,9538,21329407,f9e4ac36c7e91c5dc75d3b779e8912871ebf55638b2d24e06217e1e502206afc,Canon,Canon EOS 6D,[SÈRIE],2024:04:08 20:19:15,85,,2024-04-08T20:19:15.85,,EXIF_DateTimeOriginal,2024-04-08T20:19:15.85,,,,2024-04-08T20:19:17+02:00,0.4,2/5,200,0.0,0.0,0.0,5568,3708,,6,1.73,,1
Canon 6D Nikon 300mm AFS-II 300mm f2.8,_MG_9539.CR2,.CR2,9539,21762491,ef9d629d7c8139941cac47b5fb7fab33e0aab030b027430f9d5532aa82100737,Canon,Canon EOS 6D,[SÈRIE],2024:04:08 20:19:18,74,,2024-04-08T20:19:18.74,,EXIF_DateTimeOriginal,2024-04-08T20:19:18.74,,,,2024-04-08T20:19:20+02:00,0.6,3/5,200,0.0,0.0,0.0,5568,3708,,6,2.89,,1
Canon 6D Nikon 300mm AFS-II 300mm f2.8,_MG_9540.CR2,.CR2,9540,21814965,054f43da99341edc9f57e2ae3c7eb1459ab44709298c6f5c4a213886952cf69f,Canon,Canon EOS 6D,[SÈRIE],2024:04:08 20:19:20,81,,2024-04-08T20:19:20.81,,EXIF_DateTimeOriginal,2024-04-08T20:19:20.81,,,,2024-04-08T20:19:22+02:00,0.6,3/5,200,0.0,0.0,0.0,5568,3708,,6,2.07,,1
Canon 6D Nikon 300mm AFS-II 300mm f2.8,_MG_9541.CR2,.CR2,9541,22340897,5f707834513c0d311fd8776d7113a628dc12c513196670439a02a61eaaec9c20,Canon,Canon EOS 6D,[SÈRIE],2024:04:08 20:19:23,46,,2024-04-08T20:19:23.46,,EXIF_DateTimeOriginal,2024-04-08T20:19:23.46,,,,2024-04-08T20:19:25+02:00,1.0,1 s,200,0.0,0.0,0.0,5568,3708,,6,2.65,,1
Canon 6D Nikon 300mm AFS-II 300mm f2.8,_MG_9542.CR2,.CR2,9542,19187314,a9bd11eed9ca097952f92941e77f715a9c866d2c665947b81017806233f25c34,Canon,Canon EOS 6D,[SÈRIE],2024:04:08 20:19:27,02,,2024-04-08T20:19:27.02,,EXIF_DateTimeOriginal,2024-04-08T20:19:27.02,,,,2024-04-08T20:19:28+02:00,0.00025,1/4000,200,0.0,0.0,0.0,5568,3708,,6,3.56,,1
Canon 6D Nikon 300mm AFS-II 300mm f2.8,_MG_9543.CR2,.CR2,9543,19190064,84d0c800c555cc933fda6a049ea0bd5023d19e7a9f407d9ee41fa67b18998d3f,Canon,Canon EOS 6D,[SÈRIE],2024:04:08 20:19:28,97,,2024-04-08T20:19:28.97,,EXIF_DateTimeOriginal,2024-04-08T20:19:28.97,,,,2024-04-08T20:19:29+02:00,0.00025,1/4000,200,0.0,0.0,0.0,5568,3708,,6,1.95,,1
Canon 6D Nikon 300mm AFS-II 300mm f2.8,_MG_9544.CR2,.CR2,9544,19213420,c54b038bdfd69e86a3b72492ee6f009edfabfc777d02fda34a2e2bd2164f085f,Canon,Canon EOS 6D,[SÈRIE],2024:04:08 20:19:31,21,,2024-04-08T20:19:31.21,,EXIF_DateTimeOriginal,2024-04-08T20:19:31.21,,,,2024-04-08T20:19:32+02:00,0.0004,1/2500,200,0.0,0.0,0.0,5568,3708,,6,2.24,,1
Canon 6D Nikon 300mm AFS-II 300mm f2.8,_MG_9545.CR2,.CR2,9545,19210644,5314ce86288414f82d912c6a1d6faa221e5c971739cac5074b3e8794d0a5c5a2,Canon,Canon EOS 6D,[SÈRIE],2024:04:08 20:19:32,93,,2024-04-08T20:19:32.93,,EXIF_DateTimeOriginal,2024-04-08T20:19:32.93,,,,2024-04-08T20:19:33+02:00,0.0004,1/2500,200,0.0,0.0,0.0,5568,3708,,6,1.72,,1
Canon 6D Nikon 300mm AFS-II 300mm f2.8,_MG_9546.CR2,.CR2,9546,19251468,6de4308d16edb73bc802ff5ce966e0601a3255283b9735ff558543ec77d6fc8c,Canon,Canon EOS 6D,[SÈRIE],2024:04:08 20:19:35,14,,2024-04-08T20:19:35.14,,EXIF_DateTimeOriginal,2024-04-08T20:19:35.14,,,,2024-04-08T20:19:36+02:00,0.001,1/1000,200,0.0,0.0,0.0,5568,3708,,6,2.21,,1
Canon 6D Nikon 300mm AFS-II 300mm f2.8,_MG_9547.CR2,.CR2,9547,19242912,d6836a17903f1a88c5a5886c09349daf76ea20e6f6a16a4b5140fd62fb0b5473,Canon,Canon EOS 6D,[SÈRIE],2024:04:08 20:19:36,77,,2024-04-08T20:19:36.77,,EXIF_DateTimeOriginal,2024-04-08T20:19:36.77,,,,2024-04-08T20:19:37+02:00,0.001,1/1000,200,0.0,0.0,0.0,5568,3708,,6,1.63,,1
Canon 6D Nikon 300mm AFS-II 300mm f2.8,_MG_9548.CR2,.CR2,9548,19272739,d168a97b8bd28b4c56aa5014eb87e0578b8073890abd3067933bb29fa8f4c4ac,Canon,Canon EOS 6D,[SÈRIE],2024:04:08 20:19:39,10,,2024-04-08T20:19:39.1,,EXIF_DateTimeOriginal,2024-04-08T20:19:39.1,,,,2024-04-08T20:19:40+02:00,0.002,1/500,200,0.0,0.0,0.0,5568,3708,,6,2.33,,1
Canon 6D Nikon 300mm AFS-II 300mm f2.8,_MG_9549.CR2,.CR2,9549,19273407,019db7fb6d1be691ef338ab7bd141fd0324d22bf47d669f9375b9e1ee8cae71c,Canon,Canon EOS 6D,[SÈRIE],2024:04:08 20:19:40,74,,2024-04-08T20:19:40.74,,EXIF_DateTimeOriginal,2024-04-08T20:19:40.74,,,,2024-04-08T20:19:41+02:00,0.002,1/500,200,0.0,0.0,0.0,5568,3708,,6,1.64,,1
Canon 6D Nikon 300mm AFS-II 300mm f2.8,_MG_9550.CR2,.CR2,9550,19377311,4f94a5a42132b09963d8105faf7326f5a6ac3e41852b066e123f1c826172c6e6,Canon,Canon EOS 6D,[SÈRIE],2024:04:08 20:19:42,99,,2024-04-08T20:19:42.99,,EXIF_DateTimeOriginal,2024-04-08T20:19:42.99,,,,2024-04-08T20:19:43+02:00,0.005,1/200,200,0.0,0.0,0.0,5568,3708,,6,2.25,,1
Canon 6D Nikon 300mm AFS-II 300mm f2.8,_MG_9551.CR2,.CR2,9551,19378777,677fe9dfd5ec7395b86c2669aebadf9fb5c4e26cecbdea3c7dd330955b4f3bac,Canon,Canon EOS 6D,[SÈRIE],2024:04:08 20:19:44,74,,2024-04-08T20:19:44.74,,EXIF_DateTimeOriginal,2024-04-08T20:19:44.74,,,,2024-04-08T20:19:45+02:00,0.005,1/200,200,0.0,0.0,0.0,5568,3708,,6,1.75,,1
Canon 6D Nikon 300mm AFS-II 300mm f2.8,_MG_9552.CR2,.CR2,9552,19559330,aa2b337fee9fd022c4b9f5da06a85159cc374e2881ecfafbc344ecd69af66aba,Canon,Canon EOS 6D,[SÈRIE],2024:04:08 20:19:47,11,,2024-04-08T20:19:47.11,,EXIF_DateTimeOriginal,2024-04-08T20:19:47.11,,,,2024-04-08T20:19:48+02:00,0.0125,1/80,200,0.0,0.0,0.0,5568,3708,,6,2.37,,1
Canon 6D Nikon 300mm AFS-II 300mm f2.8,_MG_9553.CR2,.CR2,9553,19561172,4f02968b8ceaa1ba0232938747481a0eeb21209c58672dbf88c81b14ea578517,Canon,Canon EOS 6D,[SÈRIE],2024:04:08 20:19:48,77,,2024-04-08T20:19:48.77,,EXIF_DateTimeOriginal,2024-04-08T20:19:48.77,,,,2024-04-08T20:19:49+02:00,0.0125,1/80,200,0.0,0.0,0.0,5568,3708,,6,1.66,,1
Canon 6D Nikon 300mm AFS-II 300mm f2.8,_MG_9554.CR2,.CR2,9554,19882403,f98cc4ba5abef16046b29202c32fee1c7897a1be7a4b087a4b71ec1261a832fe,Canon,Canon EOS 6D,[SÈRIE],2024:04:08 20:19:51,06,,2024-04-08T20:19:51.06,,EXIF_DateTimeOriginal,2024-04-08T20:19:51.06,,,,2024-04-08T20:19:52+02:00,0.03333333333333333,1/30,200,0.0,0.0,0.0,5568,3708,,6,2.29,,1
Canon 6D Nikon 300mm AFS-II 300mm f2.8,_MG_9555.CR2,.CR2,9555,19885511,0e8b709fe978e38583a849d2686b22cc9974133c5f6d88cabfa87c29d639aee4,Canon,Canon EOS 6D,[SÈRIE],2024:04:08 20:19:52,85,,2024-04-08T20:19:52.85,,EXIF_DateTimeOriginal,2024-04-08T20:19:52.85,,,,2024-04-08T20:19:53+02:00,0.03333333333333333,1/30,200,0.0,0.0,0.0,5568,3708,,6,1.79,,1
Canon 6D Nikon 300mm AFS-II 300mm f2.8,_MG_9556.CR2,.CR2,9556,20227182,8d4ea953b0aa7d1585b323b14e7a23b5fdc85da5cbc0f7cd44343643079681e4,Canon,Canon EOS 6D,[SÈRIE],2024:04:08 20:19:55,17,,2024-04-08T20:19:55.17,,EXIF_DateTimeOriginal,2024-04-08T20:19:55.17,,,,2024-04-08T20:19:56+02:00,0.06666666666666667,1/15,200,0.0,0.0,0.0,5568,3708,,6,2.32,,1
Canon 6D Nikon 300mm AFS-II 300mm f2.8,_MG_9557.CR2,.CR2,9557,20235112,05a7dcfda52d2ca4035e0f2b7f26c365d814c7a507b6bd99c2079cc7b30a86ec,Canon,Canon EOS 6D,[SÈRIE],2024:04:08 20:19:56,87,,2024-04-08T20:19:56.87,,EXIF_DateTimeOriginal,2024-04-08T20:19:56.87,,,,2024-04-08T20:19:57+02:00,0.06666666666666667,1/15,200,0.0,0.0,0.0,5568,3708,,6,1.7,,1
Canon 6D Nikon 300mm AFS-II 300mm f2.8,_MG_9558.CR2,.CR2,9558,20662752,1037515473311d4890f3d736627ad9e0cd6f8e427cde8cfae08f33ffd87cd4c3,Canon,Canon EOS 6D,[SÈRIE],2024:04:08 20:19:59,35,,2024-04-08T20:19:59.35,,EXIF_DateTimeOriginal,2024-04-08T20:19:59.35,,,,2024-04-08T20:20:00+02:00,0.125,1/8,200,0.0,0.0,0.0,5568,3708,,6,2.48,,1
Canon 6D Nikon 300mm AFS-II 300mm f2.8,_MG_9559.CR2,.CR2,9559,20670662,0b1403c921edddb82f44ea2369de800a87b2ba497db1a90a357a7666ec4cb190,Canon,Canon EOS 6D,[SÈRIE],2024:04:08 20:20:01,16,,2024-04-08T20:20:01.16,,EXIF_DateTimeOriginal,2024-04-08T20:20:01.16,,,,2024-04-08T20:20:02+02:00,0.125,1/8,200,0.0,0.0,0.0,5568,3708,,6,1.81,,1
Canon 6D Nikon 300mm AFS-II 300mm f2.8,_MG_9560.CR2,.CR2,9560,21145880,0cc2ce538fe60d7d80046a710ea44c088afb87c802a45aa23ad914401fdaacb1,Canon,Canon EOS 6D,[SÈRIE],2024:04:08 20:20:03,66,,2024-04-08T20:20:03.66,,EXIF_DateTimeOriginal,2024-04-08T20:20:03.66,,,,2024-04-08T20:20:04+02:00,0.25,1/4,200,0.0,0.0,0.0,5568,3708,,6,2.5,,1
Canon 6D Nikon 300mm AFS-II 300mm f2.8,_MG_9561.CR2,.CR2,9561,21132206,0104636f9f106bb52838334965b8a0c53e8c47fcfbc50a5e27f48fecce9d1c14,Canon,Canon EOS 6D,[SÈRIE],2024:04:08 20:20:05,55,,2024-04-08T20:20:05.55,,EXIF_DateTimeOriginal,2024-04-08T20:20:05.55,,,,2024-04-08T20:20:06+02:00,0.25,1/4,200,0.0,0.0,0.0,5568,3708,,6,1.89,,1
Canon 6D Nikon 300mm AFS-II 300mm f2.8,_MG_9562.CR2,.CR2,9562,21501477,5819f14f499cdd325b56a69c31a505e9ebff05617aafd05cbd485828c850d734,Canon,Canon EOS 6D,[SÈRIE],2024:04:08 20:20:08,16,,2024-04-08T20:20:08.16,,EXIF_DateTimeOriginal,2024-04-08T20:20:08.16,,,,2024-04-08T20:20:09+02:00,0.4,2/5,200,0.0,0.0,0.0,5568,3708,,6,2.61,,1
Canon 6D Nikon 300mm AFS-II 300mm f2.8,_MG_9563.CR2,.CR2,9563,21510553,bb4f360c51cc527212c5dd8039eb4a03d5897da2452718a47e63cfe5988c42ef,Canon,Canon EOS 6D,[SÈRIE],2024:04:08 20:20:10,08,,2024-04-08T20:20:10.08,,EXIF_DateTimeOriginal,2024-04-08T20:20:10.08,,,,2024-04-08T20:20:11+02:00,0.4,2/5,200,0.0,0.0,0.0,5568,3708,,6,1.92,,1
Canon 6D Nikon 300mm AFS-II 300mm f2.8,_MG_9564.CR2,.CR2,9564,21939675,655b6a5153c837c4b9e58e465c37d9c7afcdc41de0e7f056731beb9f46b4fb32,Canon,Canon EOS 6D,[SÈRIE],2024:04:08 20:20:12,68,,2024-04-08T20:20:12.68,,EXIF_DateTimeOriginal,2024-04-08T20:20:12.68,,,,2024-04-08T20:20:14+02:00,0.6,3/5,200,0.0,0.0,0.0,5568,3708,,6,2.6,,1
Canon 6D Nikon 300mm AFS-II 300mm f2.8,_MG_9565.CR2,.CR2,9565,21986604,d24be0800226393fd6d0dd2707d8757cdbef486cccd57b4ac631d0dc4af50a44,Canon,Canon EOS 6D,[SÈRIE],2024:04:08 20:20:14,89,,2024-04-08T20:20:14.89,,EXIF_DateTimeOriginal,2024-04-08T20:20:14.89,,,,2024-04-08T20:20:16+02:00,0.6,3/5,200,0.0,0.0,0.0,5568,3708,,6,2.21,,1
Canon 6D Nikon 300mm AFS-II 300mm f2.8,_MG_9566.CR2,.CR2,9566,22534594,3d4b0527df4904e0f5d447d46d81680d9246a7472dfd8691025945ffd3d3c69a,Canon,Canon EOS 6D,[SÈRIE],2024:04:08 20:20:17,98,,2024-04-08T20:20:17.98,,EXIF_DateTimeOriginal,2024-04-08T20:20:17.98,,,,2024-04-08T20:20:20+02:00,1.0,1 s,200,0.0,0.0,0.0,5568,3708,,6,3.09,,1
Canon 6D Nikon 300mm AFS-II 300mm f2.8,_MG_9567.CR2,.CR2,9567,22521929,1ba98d823435095248d148c2df30e98631033e8064157fad1f8e5cad1c3fd1eb,Canon,Canon EOS 6D,[SÈRIE],2024:04:08 20:20:19,80,,2024-04-08T20:20:19.8,,EXIF_DateTimeOriginal,2024-04-08T20:20:19.8,,,,2024-04-08T20:20:22+02:00,1.0,1 s,200,0.0,0.0,0.0,5568,3708,,6,1.82,,1
Canon 6D Nikon 300mm AFS-II 300mm f2.8,_MG_9568.CR2,.CR2,9568,19202140,63aed5aff8c1dcb629dc5a899ee3a8aea8af20bb681157f968cf7d7f4b452603,Canon,Canon EOS 6D,[SÈRIE],2024:04:08 20:20:22,74,,2024-04-08T20:20:22.74,,EXIF_DateTimeOriginal,2024-04-08T20:20:22.74,,,,2024-04-08T20:20:23+02:00,0.00025,1/4000,200,0.0,0.0,0.0,5568,3708,,6,2.94,,1
Canon 6D Nikon 300mm AFS-II 300mm f2.8,_MG_9569.CR2,.CR2,9569,19205398,33c0de92d29070e3ec29002002ed08aa8ae1b790ba08674c27180c5441814a44,Canon,Canon EOS 6D,[SÈRIE],2024:04:08 20:20:24,52,,2024-04-08T20:20:24.52,,EXIF_DateTimeOriginal,2024-04-08T20:20:24.52,,,,2024-04-08T20:20:25+02:00,0.00025,1/4000,200,0.0,0.0,0.0,5568,3708,,6,1.78,,1
Canon 6D Nikon 300mm AFS-II 300mm f2.8,_MG_9570.CR2,.CR2,9570,19276175,8e5bf71d2fd307d889af98e5a4462e0357720c594b7b3ce0d5535bbb1ec77452,Canon,Canon EOS 6D,[SÈRIE],2024:04:08 20:20:27,18,,2024-04-08T20:20:27.18,,EXIF_DateTimeOriginal,2024-04-08T20:20:27.18,,,,2024-04-08T20:20:28+02:00,0.0004,1/2500,200,0.0,0.0,0.0,5568,3708,,6,2.66,,1
Canon 6D Nikon 300mm AFS-II 300mm f2.8,_MG_9571.CR2,.CR2,9571,19408081,35b0caf3e065715b4cb8849471590b0ddf92bb046a35a86a5e9cfef929b2f781,Canon,Canon EOS 6D,[SÈRIE],2024:04:08 20:20:29,07,,2024-04-08T20:20:29.07,,EXIF_DateTimeOriginal,2024-04-08T20:20:29.07,,,,2024-04-08T20:20:30+02:00,0.0004,1/2500,200,0.0,0.0,0.0,5568,3708,,6,1.89,,1
Canon 6D Nikon 300mm AFS-II 300mm f2.8,_MG_9572.CR2,.CR2,9572,19869840,abd1da65e645a45bb5306c63c95554ba8922ed6997dd813f4a956735879d5885,Canon,Canon EOS 6D,[SÈRIE],2024:04:08 20:20:31,76,,2024-04-08T20:20:31.76,,EXIF_DateTimeOriginal,2024-04-08T20:20:31.76,,,,2024-04-08T20:20:32+02:00,0.000625,1/1600,200,0.0,0.0,0.0,5568,3708,,6,2.69,,1
Canon 6D Nikon 300mm AFS-II 300mm f2.8,_MG_9573.CR2,.CR2,9573,20108176,aefc1f5818223597efc857621a68a980afb4ebd3e0f50372a69e97597ade87e2,Canon,Canon EOS 6D,[SÈRIE],2024:04:08 20:20:33,55,,2024-04-08T20:20:33.55,,EXIF_DateTimeOriginal,2024-04-08T20:20:33.55,,,,2024-04-08T20:20:34+02:00,0.000625,1/1600,200,0.0,0.0,0.0,5568,3708,,6,1.79,,1
Sony A7III AP130GTS QUADTCC 590mm f4.5,DSC06585.ARW,.ARW,6585,49042944,90746ef3c565711f9230244b151f733957f984cdaa617815a21b441eb76ad48e,SONY,ILCE-7M3,,2024:04:08 19:07:54,,+01:00,2024-04-08T19:07:54,,EXIF_DateTimeOriginal,2024-04-08T19:07:54,,,,2024-04-09T04:07:54+02:00,0.0025,1/400,200,0.0,0.0,0.0,6048,4024,14,1,,,
Sony A7III AP130GTS QUADTCC 590mm f4.5,DSC06586.ARW,.ARW,6586,49051136,729edbcb1ea341d345fe9c670b969320cec92b00b412de338c7bf5be687f738d,SONY,ILCE-7M3,,2024:04:08 19:07:56,,+01:00,2024-04-08T19:07:56,,EXIF_DateTimeOriginal,2024-04-08T19:07:56,,,,2024-04-09T04:07:56+02:00,0.0025,1/400,200,0.0,0.0,0.0,6048,4024,14,1,2.0,,1
Sony A7III AP130GTS QUADTCC 590mm f4.5,DSC06587.ARW,.ARW,6587,49059328,9102f2a91fc8f83c901795727be5efec00c287af5ec45fd77406f963543d137a,SONY,ILCE-7M3,,2024:04:08 19:07:57,,+01:00,2024-04-08T19:07:57,,EXIF_DateTimeOriginal,2024-04-08T19:07:57,,,,2024-04-09T04:07:56+02:00,0.0025,1/400,200,0.0,0.0,0.0,6048,4024,14,1,1.0,,1
Sony A7III AP130GTS QUADTCC 590mm f4.5,DSC06588.ARW,.ARW,6588,48924160,2d89aaf215c8cf5928da342f0254b16cc0bf973e46e01c7dd91940863f1809a4,SONY,ILCE-7M3,,2024:04:08 19:08:01,,+01:00,2024-04-08T19:08:01,,EXIF_DateTimeOriginal,2024-04-08T19:08:01,,,,2024-04-09T04:08:00+02:00,0.000125,1/8000,200,0.0,0.0,0.0,6048,4024,14,1,4.0,,1
Sony A7III AP130GTS QUADTCC 590mm f4.5,DSC06589.ARW,.ARW,6589,48887296,13c50eaf63212ca5ba9f5f5f2b47ad5843853f4ef0a0545171d364a22f5edf68,SONY,ILCE-7M3,,2024:04:08 19:08:03,,+01:00,2024-04-08T19:08:03,,EXIF_DateTimeOriginal,2024-04-08T19:08:03,,,,2024-04-09T04:08:02+02:00,0.000125,1/8000,200,0.0,0.0,0.0,6048,4024,14,1,2.0,,1
Sony A7III AP130GTS QUADTCC 590mm f4.5,DSC06590.ARW,.ARW,6590,48862720,cf7e7e5628e2a08af35c6d579f6af8d6f7a3b54365b4944e5ec687ebdf947877,SONY,ILCE-7M3,,2024:04:08 19:08:04,,+01:00,2024-04-08T19:08:04,,EXIF_DateTimeOriginal,2024-04-08T19:08:04,,,,2024-04-09T04:08:04+02:00,0.000125,1/8000,200,0.0,0.0,0.0,6048,4024,14,1,1.0,,1
Sony A7III AP130GTS QUADTCC 590mm f4.5,DSC06591.ARW,.ARW,6591,48854528,5e6364655096e79d5da5a7eedad48a3b884992bcd437f35e933705c85492f8f7,SONY,ILCE-7M3,,2024:04:08 19:08:06,,+01:00,2024-04-08T19:08:06,,EXIF_DateTimeOriginal,2024-04-08T19:08:06,,,,2024-04-09T04:08:06+02:00,0.000125,1/8000,200,0.0,0.0,0.0,6048,4024,14,1,2.0,,1
Sony A7III AP130GTS QUADTCC 590mm f4.5,DSC06592.ARW,.ARW,6592,48854528,2e770507ee2530962c982e5960d9b50bab013219e2a6650ec4eab253488a2f77,SONY,ILCE-7M3,,2024:04:08 19:08:08,,+01:00,2024-04-08T19:08:08,,EXIF_DateTimeOriginal,2024-04-08T19:08:08,,,,2024-04-09T04:08:08+02:00,0.000125,1/8000,200,0.0,0.0,0.0,6048,4024,14,1,2.0,,1
Sony A7III AP130GTS QUADTCC 590mm f4.5,DSC06593.ARW,.ARW,6593,48854528,523378dc1086c92eb3fd2d7bb0fcb401e88eb5b7e1eb0a2eee5441bf66847723,SONY,ILCE-7M3,,2024:04:08 19:08:09,,+01:00,2024-04-08T19:08:09,,EXIF_DateTimeOriginal,2024-04-08T19:08:09,,,,2024-04-09T04:08:08+02:00,0.000125,1/8000,200,0.0,0.0,0.0,6048,4024,14,1,1.0,,1
Sony A7III AP130GTS QUADTCC 590mm f4.5,DSC06594.ARW,.ARW,6594,48920064,2f452b07647614066042fdfd822e25a2261549ff755ef4579caa5cb348f81517,SONY,ILCE-7M3,,2024:04:08 19:08:13,,+01:00,2024-04-08T19:08:13,,EXIF_DateTimeOriginal,2024-04-08T19:08:13,,,,2024-04-09T04:08:12+02:00,0.002,1/500,200,0.0,0.0,0.0,6048,4024,14,1,4.0,,1
Sony A7III AP130GTS QUADTCC 590mm f4.5,DSC06595.ARW,.ARW,6595,48915968,d61af51b2e292b656b643cbc3161957db44de6b03af7c8284947d8a6c3ab0294,SONY,ILCE-7M3,,2024:04:08 19:08:15,,+01:00,2024-04-08T19:08:15,,EXIF_DateTimeOriginal,2024-04-08T19:08:15,,,,2024-04-09T04:08:14+02:00,0.002,1/500,200,0.0,0.0,0.0,6048,4024,14,1,2.0,,1
Sony A7III AP130GTS QUADTCC 590mm f4.5,DSC06596.ARW,.ARW,6596,48932352,c35f5823eca9100ff9b5bc6734e66b16cd9fdfe9cb61921715c05d9a4b986b66,SONY,ILCE-7M3,,2024:04:08 19:08:18,,+01:00,2024-04-08T19:08:18,,EXIF_DateTimeOriginal,2024-04-08T19:08:18,,,,2024-04-09T04:08:18+02:00,0.004,1/250,200,0.0,0.0,0.0,6048,4024,14,1,3.0,,1
Sony A7III AP130GTS QUADTCC 590mm f4.5,DSC06597.ARW,.ARW,6597,48932352,2f01db83c20f3049560fa41c98027b65a2aa9b062bf5fe757bafc41be006163d,SONY,ILCE-7M3,,2024:04:08 19:08:19,,+01:00,2024-04-08T19:08:19,,EXIF_DateTimeOriginal,2024-04-08T19:08:19,,,,2024-04-09T04:08:18+02:00,0.004,1/250,200,0.0,0.0,0.0,6048,4024,14,1,1.0,,1
Sony A7III AP130GTS QUADTCC 590mm f4.5,DSC06598.ARW,.ARW,6598,48965120,bf0eecf0dfd6e30a8ce47ad976a6b240785f332aff90ede3c8c3f1affbbb99b6,SONY,ILCE-7M3,,2024:04:08 19:08:22,,+01:00,2024-04-08T19:08:22,,EXIF_DateTimeOriginal,2024-04-08T19:08:22,,,,2024-04-09T04:08:22+02:00,0.01,1/100,200,0.0,0.0,0.0,6048,4024,14,1,3.0,,1
Sony A7III AP130GTS QUADTCC 590mm f4.5,DSC06599.ARW,.ARW,6599,48965120,791a9c9f3c093c44b295018bcefcc6ab571fffbd81a2c70b875797d84d796701,SONY,ILCE-7M3,,2024:04:08 19:08:24,,+01:00,2024-04-08T19:08:24,,EXIF_DateTimeOriginal,2024-04-08T19:08:24,,,,2024-04-09T04:08:24+02:00,0.01,1/100,200,0.0,0.0,0.0,6048,4024,14,1,2.0,,1
Sony A7III AP130GTS QUADTCC 590mm f4.5,DSC06600.ARW,.ARW,6600,49001984,d5d16e1efecc7d1f79ce7b7f5e42748d63f69a4e228894880dee26a6bacacbd2,SONY,ILCE-7M3,,2024:04:08 19:08:27,,+01:00,2024-04-08T19:08:27,,EXIF_DateTimeOriginal,2024-04-08T19:08:27,,,,2024-04-09T04:08:26+02:00,0.03333333333333333,1/30,200,0.0,0.0,0.0,6048,4024,14,1,3.0,,1
Sony A7III AP130GTS QUADTCC 590mm f4.5,DSC06601.ARW,.ARW,6601,48997888,fc0ffd87b3dd75d9aecff01124cb55955d259e41a60f1bcf6ba2e7f6d50704c7,SONY,ILCE-7M3,,2024:04:08 19:08:29,,+01:00,2024-04-08T19:08:29,,EXIF_DateTimeOriginal,2024-04-08T19:08:29,,,,2024-04-09T04:08:28+02:00,0.03333333333333333,1/30,200,0.0,0.0,0.0,6048,4024,14,1,2.0,,1
Sony A7III AP130GTS QUADTCC 590mm f4.5,DSC06602.ARW,.ARW,6602,49010176,78477e53181a46a5dc62c64d5e1d6dd07a9f054436ed5c52f3cca0cb4662dd2a,SONY,ILCE-7M3,,2024:04:08 19:08:32,,+01:00,2024-04-08T19:08:32,,EXIF_DateTimeOriginal,2024-04-08T19:08:32,,,,2024-04-09T04:08:32+02:00,0.06666666666666667,1/15,200,0.0,0.0,0.0,6048,4024,14,1,3.0,,1
Sony A7III AP130GTS QUADTCC 590mm f4.5,DSC06603.ARW,.ARW,6603,49010176,bc4b17776b66f0c629af71ba6bb485221ec44b068680034ba03bcf9eb820caf4,SONY,ILCE-7M3,,2024:04:08 19:08:34,,+01:00,2024-04-08T19:08:34,,EXIF_DateTimeOriginal,2024-04-08T19:08:34,,,,2024-04-09T04:08:34+02:00,0.06666666666666667,1/15,200,0.0,0.0,0.0,6048,4024,14,1,2.0,,1
Sony A7III AP130GTS QUADTCC 590mm f4.5,DSC06604.ARW,.ARW,6604,49022464,c6b49785b4dc8d679d9529c7df09dde5af26bbc1e1b3b6492c9b98bde47e4607,SONY,ILCE-7M3,,2024:04:08 19:08:37,,+01:00,2024-04-08T19:08:37,,EXIF_DateTimeOriginal,2024-04-08T19:08:37,,,,2024-04-09T04:08:36+02:00,0.125,1/8,200,0.0,0.0,0.0,6048,4024,14,1,3.0,,1
Sony A7III AP130GTS QUADTCC 590mm f4.5,DSC06605.ARW,.ARW,6605,49022464,eb46f75f282b4943019d4f3a74538386a9514c063ced5d1b2f036c9003dcab94,SONY,ILCE-7M3,,2024:04:08 19:08:39,,+01:00,2024-04-08T19:08:39,,EXIF_DateTimeOriginal,2024-04-08T19:08:39,,,,2024-04-09T04:08:38+02:00,0.125,1/8,200,0.0,0.0,0.0,6048,4024,14,1,2.0,,1
Sony A7III AP130GTS QUADTCC 590mm f4.5,DSC06606.ARW,.ARW,6606,49014272,4581f1d6388596dc2f8df3ed782b5f60b8ed558b0319c93eaac67d6ef4623249,SONY,ILCE-7M3,,2024:04:08 19:08:42,,+01:00,2024-04-08T19:08:42,,EXIF_DateTimeOriginal,2024-04-08T19:08:42,,,,2024-04-09T04:08:42+02:00,0.4,2/5,200,0.0,0.0,0.0,6048,4024,14,1,3.0,,1
Sony A7III AP130GTS QUADTCC 590mm f4.5,DSC06607.ARW,.ARW,6607,49010176,56e0716da6ec1558ed83d1149c9b87ffb3503c8c26750836c69879002069385f,SONY,ILCE-7M3,,2024:04:08 19:08:44,,+01:00,2024-04-08T19:08:44,,EXIF_DateTimeOriginal,2024-04-08T19:08:44,,,,2024-04-09T04:08:44+02:00,0.4,2/5,200,0.0,0.0,0.0,6048,4024,14,1,2.0,,1
Sony A7III AP130GTS QUADTCC 590mm f4.5,DSC06608.ARW,.ARW,6608,48969216,e0f2311f7c43242565c369d2451e634b68cdde70a60b68ceb11cb99fb24cab6e,SONY,ILCE-7M3,,2024:04:08 19:08:48,,+01:00,2024-04-08T19:08:48,,EXIF_DateTimeOriginal,2024-04-08T19:08:48,,,,2024-04-09T04:08:48+02:00,1.0,1 s,200,0.0,0.0,0.0,6048,4024,14,1,4.0,,1
Sony A7III AP130GTS QUADTCC 590mm f4.5,DSC06609.ARW,.ARW,6609,48969216,b5fb232f0a71cc25b9ececf27a1f917716d34e2eb126afcf2fc0ef60cca25604,SONY,ILCE-7M3,,2024:04:08 19:08:50,,+01:00,2024-04-08T19:08:50,,EXIF_DateTimeOriginal,2024-04-08T19:08:50,,,,2024-04-09T04:08:50+02:00,1.0,1 s,200,0.0,0.0,0.0,6048,4024,14,1,2.0,,1
Sony A7III AP130GTS QUADTCC 590mm f4.5,DSC06610.ARW,.ARW,6610,48928256,08ef1940add72d2695810ca11f120e1ddaeb058026f6d8a56b777a30651c565a,SONY,ILCE-7M3,,2024:04:08 19:08:55,,+01:00,2024-04-08T19:08:55,,EXIF_DateTimeOriginal,2024-04-08T19:08:55,,,,2024-04-09T04:08:54+02:00,2.0,2 s,200,0.0,0.0,0.0,6048,4024,14,1,5.0,,1
Sony A7III AP130GTS QUADTCC 590mm f4.5,DSC06611.ARW,.ARW,6611,48928256,3374bd5010c0930b590efc5f435d0fd4380a23248098ddc88548741f0afb37c2,SONY,ILCE-7M3,,2024:04:08 19:08:59,,+01:00,2024-04-08T19:08:59,,EXIF_DateTimeOriginal,2024-04-08T19:08:59,,,,2024-04-09T04:08:58+02:00,2.0,2 s,200,0.0,0.0,0.0,6048,4024,14,1,4.0,,1
Sony A7III AP130GTS QUADTCC 590mm f4.5,DSC06612.ARW,.ARW,6612,48977408,7bb9856588251cfb98215238c9b7ca7ec4c3858f76f1ea9238b85ed6a20223c3,SONY,ILCE-7M3,,2024:04:08 19:09:02,,+01:00,2024-04-08T19:09:02,,EXIF_DateTimeOriginal,2024-04-08T19:09:02,,,,2024-04-09T04:09:02+02:00,0.8,4/5,200,0.0,0.0,0.0,6048,4024,14,1,3.0,,1
Sony A7III AP130GTS QUADTCC 590mm f4.5,DSC06613.ARW,.ARW,6613,48977408,92f78deb34269514d6f6c16a85c0475f564a5053fa6611e225579a4ef3563cf1,SONY,ILCE-7M3,,2024:04:08 19:09:05,,+01:00,2024-04-08T19:09:05,,EXIF_DateTimeOriginal,2024-04-08T19:09:05,,,,2024-04-09T04:09:04+02:00,0.8,4/5,200,0.0,0.0,0.0,6048,4024,14,1,3.0,,1
Sony A7III AP130GTS QUADTCC 590mm f4.5,DSC06614.ARW,.ARW,6614,48932352,68983b89418f6ae23baced848457a70ea37581de628717d645a366376a7970bc,SONY,ILCE-7M3,,2024:04:08 19:09:35,,+01:00,2024-04-08T19:09:35,,EXIF_DateTimeOriginal,2024-04-08T19:09:35,,,,2024-04-09T04:09:34+02:00,0.005,1/200,200,0.0,0.0,0.0,6048,4024,14,1,30.0,,1
Sony A7III AP130GTS QUADTCC 590mm f4.5,DSC06615.ARW,.ARW,6615,48932352,40063017eb902663e74bccccfd84914ca2da48e2751681e2896f8e9aef440ae5,SONY,ILCE-7M3,,2024:04:08 19:09:37,,+01:00,2024-04-08T19:09:37,,EXIF_DateTimeOriginal,2024-04-08T19:09:37,,,,2024-04-09T04:09:36+02:00,0.005,1/200,200,0.0,0.0,0.0,6048,4024,14,1,2.0,,1
Sony A7III AP130GTS QUADTCC 590mm f4.5,DSC06616.ARW,.ARW,6616,48932352,a84a333da4bd8a0209c395169ec36781a34ce7f7573212ad1acccfe675218e3e,SONY,ILCE-7M3,,2024:04:08 19:09:39,,+01:00,2024-04-08T19:09:39,,EXIF_DateTimeOriginal,2024-04-08T19:09:39,,,,2024-04-09T04:09:38+02:00,0.004,1/250,200,0.0,0.0,0.0,6048,4024,14,1,2.0,,1
Sony A7III AP130GTS QUADTCC 590mm f4.5,DSC06617.ARW,.ARW,6617,48932352,2132c90b4bdadd0d94f618813b8daee4438a1884f8fa41e713d0d653a5b22a8b,SONY,ILCE-7M3,,2024:04:08 19:09:41,,+01:00,2024-04-08T19:09:41,,EXIF_DateTimeOriginal,2024-04-08T19:09:41,,,,2024-04-09T04:09:40+02:00,0.004,1/250,200,0.0,0.0,0.0,6048,4024,14,1,2.0,,1
Sony A7III AP130GTS QUADTCC 590mm f4.5,DSC06618.ARW,.ARW,6618,48952832,3f125b82524602f36487f9311b818417b68254a6158d39c1dc2d935c83559fff,SONY,ILCE-7M3,,2024:04:08 19:09:44,,+01:00,2024-04-08T19:09:44,,EXIF_DateTimeOriginal,2024-04-08T19:09:44,,,,2024-04-09T04:09:44+02:00,0.01,1/100,200,0.0,0.0,0.0,6048,4024,14,1,3.0,,1
Sony A7III AP130GTS QUADTCC 590mm f4.5,DSC06619.ARW,.ARW,6619,48952832,08454f14a7abf74e7b677a5339939365d22228bd86bbd9b0d8ce6872a61816e5,SONY,ILCE-7M3,,2024:04:08 19:09:46,,+01:00,2024-04-08T19:09:46,,EXIF_DateTimeOriginal,2024-04-08T19:09:46,,,,2024-04-09T04:09:46+02:00,0.01,1/100,200,0.0,0.0,0.0,6048,4024,14,1,2.0,,1
Sony A7III AP130GTS QUADTCC 590mm f4.5,DSC06620.ARW,.ARW,6620,48989696,7a63055ab2f01f4bc547aab4453e21173e7c6d73747c8773d92b1f5c2706734b,SONY,ILCE-7M3,,2024:04:08 19:09:49,,+01:00,2024-04-08T19:09:49,,EXIF_DateTimeOriginal,2024-04-08T19:09:49,,,,2024-04-09T04:09:48+02:00,0.03333333333333333,1/30,200,0.0,0.0,0.0,6048,4024,14,1,3.0,,1
Sony A7III AP130GTS QUADTCC 590mm f4.5,DSC06621.ARW,.ARW,6621,48993792,eabb5ab446c221d2bdd7a9c00d87fdcb24d7a8b4bc32fad0e8889c8aa875ee89,SONY,ILCE-7M3,,2024:04:08 19:09:50,,+01:00,2024-04-08T19:09:50,,EXIF_DateTimeOriginal,2024-04-08T19:09:50,,,,2024-04-09T04:09:50+02:00,0.03333333333333333,1/30,200,0.0,0.0,0.0,6048,4024,14,1,1.0,,1
Sony A7III AP130GTS QUADTCC 590mm f4.5,DSC06622.ARW,.ARW,6622,49010176,66864452815f993a9f925b9deee42189560774914f7a4b49301397f850a49b2e,SONY,ILCE-7M3,,2024:04:08 19:09:54,,+01:00,2024-04-08T19:09:54,,EXIF_DateTimeOriginal,2024-04-08T19:09:54,,,,2024-04-09T04:09:54+02:00,0.06666666666666667,1/15,200,0.0,0.0,0.0,6048,4024,14,1,4.0,,1
Sony A7III AP130GTS QUADTCC 590mm f4.5,DSC06623.ARW,.ARW,6623,49010176,c3a5cccce9198cf4e81d6a59507e8a131a81f1480c53149dcac99c22b8ffa2e5,SONY,ILCE-7M3,,2024:04:08 19:09:55,,+01:00,2024-04-08T19:09:55,,EXIF_DateTimeOriginal,2024-04-08T19:09:55,,,,2024-04-09T04:09:54+02:00,0.06666666666666667,1/15,200,0.0,0.0,0.0,6048,4024,14,1,1.0,,1
Sony A7III AP130GTS QUADTCC 590mm f4.5,DSC06624.ARW,.ARW,6624,49018368,f1671548e7abfac738611cb35b6a1fdd18a3c47669a85d15c9ca0f43c6ab3403,SONY,ILCE-7M3,,2024:04:08 19:09:58,,+01:00,2024-04-08T19:09:58,,EXIF_DateTimeOriginal,2024-04-08T19:09:58,,,,2024-04-09T04:09:58+02:00,0.125,1/8,200,0.0,0.0,0.0,6048,4024,14,1,3.0,,1
Sony A7III AP130GTS QUADTCC 590mm f4.5,DSC06625.ARW,.ARW,6625,49014272,757e9d5f54555292bba6739da1395b84b3cd3e1079d91b6ca76a50b4ff59b6e2,SONY,ILCE-7M3,,2024:04:08 19:10:00,,+01:00,2024-04-08T19:10:00,,EXIF_DateTimeOriginal,2024-04-08T19:10:00,,,,2024-04-09T04:10:00+02:00,0.125,1/8,200,0.0,0.0,0.0,6048,4024,14,1,2.0,,1
Sony A7III AP130GTS QUADTCC 590mm f4.5,DSC06626.ARW,.ARW,6626,49001984,332cb55193fd9af30adbbaca760b27a878e4e2b13c6b8fe0afe32727dfa205fa,SONY,ILCE-7M3,,2024:04:08 19:10:04,,+01:00,2024-04-08T19:10:04,,EXIF_DateTimeOriginal,2024-04-08T19:10:04,,,,2024-04-09T04:10:04+02:00,0.4,2/5,200,0.0,0.0,0.0,6048,4024,14,1,4.0,,1
Sony A7III AP130GTS QUADTCC 590mm f4.5,DSC06627.ARW,.ARW,6627,49001984,b25319490afd25a79dc6950dc63f103460a3c12d84fc1d4d49ade15e9bb04227,SONY,ILCE-7M3,,2024:04:08 19:10:06,,+01:00,2024-04-08T19:10:06,,EXIF_DateTimeOriginal,2024-04-08T19:10:06,,,,2024-04-09T04:10:06+02:00,0.4,2/5,200,0.0,0.0,0.0,6048,4024,14,1,2.0,,1
Sony A7III AP130GTS QUADTCC 590mm f4.5,DSC06628.ARW,.ARW,6628,48961024,6fd52e6f063a15ffac6d8461bfeb9f4faa73bd3978d280bf5bfbb056e6d7aad3,SONY,ILCE-7M3,,2024:04:08 19:10:10,,+01:00,2024-04-08T19:10:10,,EXIF_DateTimeOriginal,2024-04-08T19:10:10,,,,2024-04-09T04:10:10+02:00,1.0,1 s,200,0.0,0.0,0.0,6048,4024,14,1,4.0,,1
Sony A7III AP130GTS QUADTCC 590mm f4.5,DSC06629.ARW,.ARW,6629,48961024,64e051bf38cd8c717298fd217edb33e4d9dcd39999220d05a69052c549eeacd9,SONY,ILCE-7M3,,2024:04:08 19:10:12,,+01:00,2024-04-08T19:10:12,,EXIF_DateTimeOriginal,2024-04-08T19:10:12,,,,2024-04-09T04:10:12+02:00,1.0,1 s,200,0.0,0.0,0.0,6048,4024,14,1,2.0,,1
Sony A7III AP130GTS QUADTCC 590mm f4.5,DSC06630.ARW,.ARW,6630,48932352,af24bef03c7a85d165dd53cf5f4d1e0ed96e0473d0a00debccd736e39446353e,SONY,ILCE-7M3,,2024:04:08 19:10:18,,+01:00,2024-04-08T19:10:18,,EXIF_DateTimeOriginal,2024-04-08T19:10:18,,,,2024-04-09T04:10:18+02:00,2.0,2 s,200,0.0,0.0,0.0,6048,4024,14,1,6.0,,1
Sony A7III AP130GTS QUADTCC 590mm f4.5,DSC06631.ARW,.ARW,6631,48932352,b13826a0d08562161dcc54e98c57a24443399a9bce442c20a8f076b845cdf180,SONY,ILCE-7M3,,2024:04:08 19:10:21,,+01:00,2024-04-08T19:10:21,,EXIF_DateTimeOriginal,2024-04-08T19:10:21,,,,2024-04-09T04:10:20+02:00,2.0,2 s,200,0.0,0.0,0.0,6048,4024,14,1,3.0,,1
Sony A7III AP130GTS QUADTCC 590mm f4.5,DSC06632.ARW,.ARW,6632,48981504,63e42bd9f57e0d1825276f9d1baf013f953dae3876c1892363f6a3046a1ca31f,SONY,ILCE-7M3,,2024:04:08 19:12:26,,+01:00,2024-04-08T19:12:26,,EXIF_DateTimeOriginal,2024-04-08T19:12:26,,,,2024-04-09T04:12:26+02:00,0.8,4/5,100,0.0,0.0,0.0,6048,4024,14,1,125.0,,1
Sony A7III AP130GTS QUADTCC 590mm f4.5,DSC06633.ARW,.ARW,6633,48981504,4a4f2a9b6e1191a8baeb91ccc37b413f3cf4e836568e2fa7318e5c54423b1a9d,SONY,ILCE-7M3,,2024:04:08 19:12:29,,+01:00,2024-04-08T19:12:29,,EXIF_DateTimeOriginal,2024-04-08T19:12:29,,,,2024-04-09T04:12:28+02:00,0.8,4/5,100,0.0,0.0,0.0,6048,4024,14,1,3.0,,1
Sony A7III AP130GTS QUADTCC 590mm f4.5,DSC06634.ARW,.ARW,6634,48846336,314249810ad1c4095f328acad46c858c3123e32ec09355d7718aa0ef500585c5,SONY,ILCE-7M3,,2024:04:08 19:12:33,,+01:00,2024-04-08T19:12:33,,EXIF_DateTimeOriginal,2024-04-08T19:12:33,,,,2024-04-09T04:12:32+02:00,0.000125,1/8000,100,0.0,0.0,0.0,6048,4024,14,1,4.0,,1
Sony A7III AP130GTS QUADTCC 590mm f4.5,DSC06635.ARW,.ARW,6635,48854528,a44f203edeb85606eb777d3b61cd2a37194f32449a49b0586c924deb2229bb67,SONY,ILCE-7M3,,2024:04:08 19:12:35,,+01:00,2024-04-08T19:12:35,,EXIF_DateTimeOriginal,2024-04-08T19:12:35,,,,2024-04-09T04:12:34+02:00,0.000125,1/8000,100,0.0,0.0,0.0,6048,4024,14,1,2.0,,1
Sony A7III AP130GTS QUADTCC 590mm f4.5,DSC06636.ARW,.ARW,6636,48862720,48d572e25a36e46a7a10b14c4de5b4138bbc3d5d859b0c3b0828c721183e65b6,SONY,ILCE-7M3,,2024:04:08 19:12:36,,+01:00,2024-04-08T19:12:36,,EXIF_DateTimeOriginal,2024-04-08T19:12:36,,,,2024-04-09T04:12:36+02:00,0.000125,1/8000,100,0.0,0.0,0.0,6048,4024,14,1,1.0,,1
Sony A7III AP130GTS QUADTCC 590mm f4.5,DSC06637.ARW,.ARW,6637,48879104,0f63def290df177afaafb636d7097a46776eec556a223a1ebebf962693f8c7a7,SONY,ILCE-7M3,,2024:04:08 19:12:38,,+01:00,2024-04-08T19:12:38,,EXIF_DateTimeOriginal,2024-04-08T19:12:38,,,,2024-04-09T04:12:38+02:00,0.000125,1/8000,100,0.0,0.0,0.0,6048,4024,14,1,2.0,,1
Sony A7III AP130GTS QUADTCC 590mm f4.5,DSC06638.ARW,.ARW,6638,48895488,319ab7ae7ff8014312843e031d2e370a98f131d742eaa4f833b38c2b8fe2a320,SONY,ILCE-7M3,,2024:04:08 19:12:40,,+01:00,2024-04-08T19:12:40,,EXIF_DateTimeOriginal,2024-04-08T19:12:40,,,,2024-04-09T04:12:40+02:00,0.000125,1/8000,100,0.0,0.0,0.0,6048,4024,14,1,2.0,,1
Sony A7III AP130GTS QUADTCC 590mm f4.5,DSC06639.ARW,.ARW,6639,48903680,db08d6c7526567f38160dc68a59cd6ec0dc11a38f5ab36952924b8b2cc2c2d10,SONY,ILCE-7M3,,2024:04:08 19:12:42,,+01:00,2024-04-08T19:12:42,,EXIF_DateTimeOriginal,2024-04-08T19:12:42,,,,2024-04-09T04:12:42+02:00,0.000125,1/8000,100,0.0,0.0,0.0,6048,4024,14,1,2.0,,1
Sony A7III AP130GTS QUADTCC 590mm f4.5,DSC06640.ARW,.ARW,6640,49014272,33ff522b2edc791c5397137677f7818d56a978b95152acef2a823f40f2a4ba48,SONY,ILCE-7M3,,2024:04:08 19:12:45,,+01:00,2024-04-08T19:12:45,,EXIF_DateTimeOriginal,2024-04-08T19:12:45,,,,2024-04-09T04:12:44+02:00,0.0025,1/400,100,0.0,0.0,0.0,6048,4024,14,1,3.0,,1
Sony A7S Questar 3.5 1280mm f14,20240408_110825total.arw,.ARW,,12559872,9499cf75a1375d74e07f4f75ecf7aed1f65ee08850ec5400f516fe02d214394a,SONY,ILCE-7S,,2014:01:26 02:46:29,,,2014-01-26T02:46:29,2024-04-08T11:08:25,controller_filename_request,2024-04-08T11:08:25,-24.0,-292.0,pre_C2,2024-04-08T20:08:25+02:00,0.0015625,1/640,100,0.0,0.0,0.0,4288,2848,12,32767,,-321870116.0,
Sony A7S Questar 3.5 1280mm f14,20240408_110828total.arw,.ARW,,12559872,55453f730a14d034c3a18edb88210bc1e7aead95edf7f9bc7dd55ed3e85b4b46,SONY,ILCE-7S,,2014:01:26 02:46:32,,,2014-01-26T02:46:32,2024-04-08T11:08:28,controller_filename_request,2024-04-08T11:08:28,-21.0,-289.0,pre_C2,2024-04-08T20:08:29+02:00,0.0015625,1/640,100,0.0,0.0,0.0,4288,2848,12,32767,3.0,-321870116.0,
Sony A7S Questar 3.5 1280mm f14,20240408_110834total.arw,.ARW,,12559872,75af3d1f84c6652473b22fc985cdb2719fdb5d6dbb224e191b3ecf41df566e55,SONY,ILCE-7S,,2014:01:26 02:46:39,,,2014-01-26T02:46:39,2024-04-08T11:08:34,controller_filename_request,2024-04-08T11:08:34,-15.0,-283.0,pre_C2,2024-04-08T20:08:35+02:00,0.0015625,1/640,100,0.0,0.0,0.0,4288,2848,12,32767,6.0,-321870115.0,
Sony A7S Questar 3.5 1280mm f14,20240408_110844total.arw,.ARW,,12467712,d8e627f6c612a03fdc285ad883a36da0bacf624d37363ed5f5da5aa7a846a541,SONY,ILCE-7S,,2014:01:26 02:46:48,,,2014-01-26T02:46:48,2024-04-08T11:08:44,controller_filename_request,2024-04-08T11:08:44,-5.0,-273.0,pre_C2,2024-04-08T20:08:44+02:00,0.0002,1/5000,100,0.0,0.0,0.0,4288,2848,12,32767,10.0,-321870116.0,
Sony A7S Questar 3.5 1280mm f14,20240408_110847total.arw,.ARW,,12479488,cc8bb93046747d1a8f091993d46a9cce946510f3ead2c1f554abcc6a3d9e841e,SONY,ILCE-7S,,2014:01:26 02:46:51,,,2014-01-26T02:46:51,2024-04-08T11:08:47,controller_filename_request,2024-04-08T11:08:47,-2.0,-270.0,pre_C2,2024-04-08T20:08:48+02:00,0.0002,1/5000,100,0.0,0.0,0.0,4288,2848,12,32767,3.0,-321870116.0,
Sony A7S Questar 3.5 1280mm f14,20240408_110853total.arw,.ARW,,12476416,9c5627b243c9245facc5b859018520f81ce165037de6a031a90906895af8f62a,SONY,ILCE-7S,,2014:01:26 02:46:58,,,2014-01-26T02:46:58,2024-04-08T11:08:53,controller_filename_request,2024-04-08T11:08:53,4.0,-264.0,totality,2024-04-08T20:08:54+02:00,0.003125,1/320,100,0.0,0.0,0.0,4288,2848,12,32767,6.0,-321870115.0,
Sony A7S Questar 3.5 1280mm f14,20240408_110900total.arw,.ARW,,12476416,e7f856081aced2ca94fa40068e0777f439e8524f51b0231e4d203f8fc2771d0f,SONY,ILCE-7S,,2014:01:26 02:47:04,,,2014-01-26T02:47:04,2024-04-08T11:09:00,controller_filename_request,2024-04-08T11:09:00,11.0,-257.0,totality,2024-04-08T20:09:00+02:00,0.003125,1/320,100,0.0,0.0,0.0,4288,2848,12,32767,7.0,-321870116.0,
Sony A7S Questar 3.5 1280mm f14,20240408_110906total.arw,.ARW,,12472320,da53f9f37e8788160692527e8258f049a3f91a18511c7a5454964232327bac9d,SONY,ILCE-7S,,2014:01:26 02:47:10,,,2014-01-26T02:47:10,2024-04-08T11:09:06,controller_filename_request,2024-04-08T11:09:06,17.0,-251.0,totality,2024-04-08T20:09:06+02:00,0.003125,1/320,100,0.0,0.0,0.0,4288,2848,12,32767,6.0,-321870116.0,
Sony A7S Questar 3.5 1280mm f14,20240408_110912total.arw,.ARW,,12467712,0ccaad029b6999a54a9ab4bcc1d384260e19c96761c94202936acebc303f4cfb,SONY,ILCE-7S,,2014:01:26 02:47:16,,,2014-01-26T02:47:16,2024-04-08T11:09:12,controller_filename_request,2024-04-08T11:09:12,23.0,-245.0,totality,2024-04-08T20:09:12+02:00,0.003125,1/320,100,0.0,0.0,0.0,4288,2848,12,32767,6.0,-321870116.0,
Sony A7S Questar 3.5 1280mm f14,20240408_110918total.arw,.ARW,,12471808,88968deefd31702863c41c7fccdb20aab74c39d8e6e8a3feea48bdebf12aad43,SONY,ILCE-7S,,2014:01:26 02:47:22,,,2014-01-26T02:47:22,2024-04-08T11:09:18,controller_filename_request,2024-04-08T11:09:18,29.0,-239.0,totality,2024-04-08T20:09:18+02:00,0.003125,1/320,100,0.0,0.0,0.0,4288,2848,12,32767,6.0,-321870116.0,
Sony A7S Questar 3.5 1280mm f14,20240408_110924total.arw,.ARW,,12476416,adc1d136aeecf4b696bc868348e60814202665368d6c35d28849c7a0e2850bf5,SONY,ILCE-7S,,2014:01:26 02:47:28,,,2014-01-26T02:47:28,2024-04-08T11:09:24,controller_filename_request,2024-04-08T11:09:24,35.0,-233.0,totality,2024-04-08T20:09:24+02:00,0.003125,1/320,100,0.0,0.0,0.0,4288,2848,12,32767,6.0,-321870116.0,
Sony A7S Questar 3.5 1280mm f14,20240408_110930total.arw,.ARW,,12471808,f8fec1d48170b1a13911ae8def6d00637aa1b02e63f8f401668578a7b39c2f4f,SONY,ILCE-7S,,2014:01:26 02:47:34,,,2014-01-26T02:47:34,2024-04-08T11:09:30,controller_filename_request,2024-04-08T11:09:30,41.0,-227.0,totality,2024-04-08T20:09:30+02:00,0.003125,1/320,100,0.0,0.0,0.0,4288,2848,12,32767,6.0,-321870116.0,
Sony A7S Questar 3.5 1280mm f14,20240408_110932total.arw,.ARW,,12471808,32c5e54cc335171de21c87b0358139ca395e28975b9e87f8d810ead6fbd4680d,SONY,ILCE-7S,,2014:01:26 02:47:37,,,2014-01-26T02:47:37,2024-04-08T11:09:32,controller_filename_request,2024-04-08T11:09:32,43.0,-225.0,totality,2024-04-08T20:09:33+02:00,0.003125,1/320,100,0.0,0.0,0.0,4288,2848,12,32767,2.0,-321870115.0,
Sony A7S Questar 3.5 1280mm f14,20240408_110939total.arw,.ARW,,12472320,d271ec82df49c88fe97b42c668bfb502bfd991d1b8745bca40d7f86e61b0a357,SONY,ILCE-7S,,2014:01:26 02:47:43,,,2014-01-26T02:47:43,2024-04-08T11:09:39,controller_filename_request,2024-04-08T11:09:39,50.0,-218.0,totality,2024-04-08T20:09:39+02:00,0.003125,1/320,100,0.0,0.0,0.0,4288,2848,12,32767,7.0,-321870116.0,
Sony A7S Questar 3.5 1280mm f14,20240408_110945total.arw,.ARW,,12472320,a4d617208e84e429b422875cfdcf2c7cfbcdb588e2bfba3b1d7ccb1bab118fe9,SONY,ILCE-7S,,2014:01:26 02:47:49,,,2014-01-26T02:47:49,2024-04-08T11:09:45,controller_filename_request,2024-04-08T11:09:45,56.0,-212.0,totality,2024-04-08T20:09:45+02:00,0.003125,1/320,100,0.0,0.0,0.0,4288,2848,12,32767,6.0,-321870116.0,
Sony A7S Questar 3.5 1280mm f14,20240408_110951total.arw,.ARW,,12472320,ecaf1f8a6ac2c23fc64b6c0e95221285ee19f626b6b40307306fb55c140587d1,SONY,ILCE-7S,,2014:01:26 02:47:55,,,2014-01-26T02:47:55,2024-04-08T11:09:51,controller_filename_request,2024-04-08T11:09:51,62.0,-206.0,totality,2024-04-08T20:09:51+02:00,0.003125,1/320,100,0.0,0.0,0.0,4288,2848,12,32767,6.0,-321870116.0,
Sony A7S Questar 3.5 1280mm f14,20240408_110957total.arw,.ARW,,12472320,4df78239ffc6d9868cecde51eced4d92667875d15a857ba6e0999753be59b856,SONY,ILCE-7S,,2014:01:26 02:48:01,,,2014-01-26T02:48:01,2024-04-08T11:09:57,controller_filename_request,2024-04-08T11:09:57,68.0,-200.0,totality,2024-04-08T20:09:57+02:00,0.003125,1/320,100,0.0,0.0,0.0,4288,2848,12,32767,6.0,-321870116.0,
Sony A7S Questar 3.5 1280mm f14,20240408_111003total.arw,.ARW,,12472320,2c7410133e04b3e18425eed43eedb4b0a12256504becb4fe299eff567bf1525a,SONY,ILCE-7S,,2014:01:26 02:48:07,,,2014-01-26T02:48:07,2024-04-08T11:10:03,controller_filename_request,2024-04-08T11:10:03,74.0,-194.0,totality,2024-04-08T20:10:03+02:00,0.003125,1/320,100,0.0,0.0,0.0,4288,2848,12,32767,6.0,-321870116.0,
Sony A7S Questar 3.5 1280mm f14,20240408_111009total.arw,.ARW,,12476416,f5448a2ff9056e21357f0e1985e7f8e3c3179a3364541ded61e7e4163b143bea,SONY,ILCE-7S,,2014:01:26 02:48:13,,,2014-01-26T02:48:13,2024-04-08T11:10:09,controller_filename_request,2024-04-08T11:10:09,80.0,-188.0,totality,2024-04-08T20:10:09+02:00,0.003125,1/320,100,0.0,0.0,0.0,4288,2848,12,32767,6.0,-321870116.0,
Sony A7S Questar 3.5 1280mm f14,20240408_111012total.arw,.ARW,,12472320,9ad0a26aae7c53bcac9ae68f30e325ee78f5adecec6e15a8eac4b257576fe571,SONY,ILCE-7S,,2014:01:26 02:48:16,,,2014-01-26T02:48:16,2024-04-08T11:10:12,controller_filename_request,2024-04-08T11:10:12,83.0,-185.0,totality,2024-04-08T20:10:12+02:00,0.003125,1/320,100,0.0,0.0,0.0,4288,2848,12,32767,3.0,-321870116.0,
Sony A7S Questar 3.5 1280mm f14,20240408_111018total.arw,.ARW,,12472320,4b30ba78b36bd06aea09829f0c356cee3cb0fafb073b8240340a37329d7196d7,SONY,ILCE-7S,,2014:01:26 02:48:22,,,2014-01-26T02:48:22,2024-04-08T11:10:18,controller_filename_request,2024-04-08T11:10:18,89.0,-179.0,totality,2024-04-08T20:10:18+02:00,0.003125,1/320,100,0.0,0.0,0.0,4288,2848,12,32767,6.0,-321870116.0,
Sony A7S Questar 3.5 1280mm f14,20240408_111026total.arw,.ARW,,12543488,8460ba3cfd0ee2962f7737d8e63d29c4c4b8f588e58bc2a88cdcd5bbc4302913,SONY,ILCE-7S,,2014:01:26 02:48:30,,,2014-01-26T02:48:30,2024-04-08T11:10:26,controller_filename_request,2024-04-08T11:10:26,97.0,-171.0,totality,2024-04-08T20:10:26+02:00,0.05,1/20,100,0.0,0.0,0.0,4288,2848,12,32767,8.0,-321870116.0,
Sony A7S Questar 3.5 1280mm f14,20240408_111032total.arw,.ARW,,12539392,dcc8e969380db1ab7e44e2127f1342b1bc1e25f924eddfc3ed741c15808290ba,SONY,ILCE-7S,,2014:01:26 02:48:36,,,2014-01-26T02:48:36,2024-04-08T11:10:32,controller_filename_request,2024-04-08T11:10:32,103.0,-165.0,totality,2024-04-08T20:10:32+02:00,0.05,1/20,100,0.0,0.0,0.0,4288,2848,12,32767,6.0,-321870116.0,
Sony A7S Questar 3.5 1280mm f14,20240408_111038total.arw,.ARW,,12539392,6bba386fcee73772f3b2edc6f93cf42f4880ccbde16ee75231745858e1220a07,SONY,ILCE-7S,,2014:01:26 02:48:42,,,2014-01-26T02:48:42,2024-04-08T11:10:38,controller_filename_request,2024-04-08T11:10:38,109.0,-159.0,totality,2024-04-08T20:10:38+02:00,0.05,1/20,100,0.0,0.0,0.0,4288,2848,12,32767,6.0,-321870116.0,
Sony A7S Questar 3.5 1280mm f14,20240408_111044total.arw,.ARW,,12539392,483f2c3ff4e0dc47f99cc72dd6360aefa8088a4cf6661addc4aa144b5b858a9b,SONY,ILCE-7S,,2014:01:26 02:48:48,,,2014-01-26T02:48:48,2024-04-08T11:10:44,controller_filename_request,2024-04-08T11:10:44,115.0,-153.0,totality,2024-04-08T20:10:44+02:00,0.05,1/20,100,0.0,0.0,0.0,4288,2848,12,32767,6.0,-321870116.0,
Sony A7S Questar 3.5 1280mm f14,20240408_111050total.arw,.ARW,,12539392,0ab6a4cc241ca917dd5ec916bc0d24645a43676bdf526bca72729f07547a5321,SONY,ILCE-7S,,2014:01:26 02:48:54,,,2014-01-26T02:48:54,2024-04-08T11:10:50,controller_filename_request,2024-04-08T11:10:50,121.0,-147.0,totality,2024-04-08T20:10:50+02:00,0.05,1/20,100,0.0,0.0,0.0,4288,2848,12,32767,6.0,-321870116.0,
Sony A7S Questar 3.5 1280mm f14,20240408_111056total.arw,.ARW,,12543488,674ae46b6c233caf9a92ea27b91dc8a7a79027896c89b6e052b2793d17fe8dff,SONY,ILCE-7S,,2014:01:26 02:49:00,,,2014-01-26T02:49:00,2024-04-08T11:10:56,controller_filename_request,2024-04-08T11:10:56,127.0,-141.0,totality,2024-04-08T20:10:56+02:00,0.05,1/20,100,0.0,0.0,0.0,4288,2848,12,32767,6.0,-321870116.0,
Sony A7S Questar 3.5 1280mm f14,20240408_111102total.arw,.ARW,,12547584,b70b79bac666e036d3c60fe889b70d2f91238ec68c306b088cb92c5a46a39ae5,SONY,ILCE-7S,,2014:01:26 02:49:06,,,2014-01-26T02:49:06,2024-04-08T11:11:02,controller_filename_request,2024-04-08T11:11:02,133.0,-135.0,totality,2024-04-08T20:11:02+02:00,0.05,1/20,100,0.0,0.0,0.0,4288,2848,12,32767,6.0,-321870116.0,
Sony A7S Questar 3.5 1280mm f14,20240408_111105total.arw,.ARW,,12548096,4309b0d597702a97ecba8911df2d7a9695f71d4f7dd8729698256bb51e991868,SONY,ILCE-7S,,2014:01:26 02:49:09,,,2014-01-26T02:49:09,2024-04-08T11:11:05,controller_filename_request,2024-04-08T11:11:05,136.0,-132.0,totality,2024-04-08T20:11:05+02:00,0.05,1/20,100,0.0,0.0,0.0,4288,2848,12,32767,3.0,-321870116.0,
Sony A7S Questar 3.5 1280mm f14,20240408_111111total.arw,.ARW,,12548096,34ce5a25b0868ee0b218df71f1da47e7b5c3d7ebbf3d5c1fdd183688d38de6be,SONY,ILCE-7S,,2014:01:26 02:49:15,,,2014-01-26T02:49:15,2024-04-08T11:11:11,controller_filename_request,2024-04-08T11:11:11,142.0,-126.0,totality,2024-04-08T20:11:11+02:00,0.05,1/20,100,0.0,0.0,0.0,4288,2848,12,32767,6.0,-321870116.0,
Sony A7S Questar 3.5 1280mm f14,20240408_111117total.arw,.ARW,,12548096,d173b7f15dec401d89d5d36b5009a9e62d6fb5786e6e5e26fbeb8b1a651c16b4,SONY,ILCE-7S,,2014:01:26 02:49:21,,,2014-01-26T02:49:21,2024-04-08T11:11:17,controller_filename_request,2024-04-08T11:11:17,148.0,-120.0,totality,2024-04-08T20:11:17+02:00,0.05,1/20,100,0.0,0.0,0.0,4288,2848,12,32767,6.0,-321870116.0,
Sony A7S Questar 3.5 1280mm f14,20240408_111122total.arw,.ARW,,12569600,e51018215da9d41a907eca24af50eb8fd6c0ecfc108717148a438ac0b873d639,SONY,ILCE-7S,,2014:01:26 02:49:27,,,2014-01-26T02:49:27,2024-04-08T11:11:22,controller_filename_request,2024-04-08T11:11:22,153.0,-115.0,totality,2024-04-08T20:11:24+02:00,1.0,1 s,100,0.0,0.0,0.0,4288,2848,12,32767,5.0,-321870115.0,
Sony A7S Questar 3.5 1280mm f14,20240408_111130total.arw,.ARW,,12569600,7c22b144afe873081707c9ca89634cbc5e2080edbbfe3753175ed4a38f520f03,SONY,ILCE-7S,,2014:01:26 02:49:35,,,2014-01-26T02:49:35,2024-04-08T11:11:30,controller_filename_request,2024-04-08T11:11:30,161.0,-107.0,totality,2024-04-08T20:11:31+02:00,1.0,1 s,100,0.0,0.0,0.0,4288,2848,12,32767,8.0,-321870115.0,
Sony A7S Questar 3.5 1280mm f14,20240408_111137total.arw,.ARW,,12569600,aff38d067181eeac0b344bffb8274815294081467bf2ec8deefec7a2baed5ab6,SONY,ILCE-7S,,2014:01:26 02:49:42,,,2014-01-26T02:49:42,2024-04-08T11:11:37,controller_filename_request,2024-04-08T11:11:37,168.0,-100.0,totality,2024-04-08T20:11:38+02:00,1.0,1 s,100,0.0,0.0,0.0,4288,2848,12,32767,7.0,-321870115.0,
Sony A7S Questar 3.5 1280mm f14,20240408_111144total.arw,.ARW,,12569600,0bdfad7d205224127f5fa0c0e1c377226d49d44614e77af7ec8162848d24c6bd,SONY,ILCE-7S,,2014:01:26 02:49:49,,,2014-01-26T02:49:49,2024-04-08T11:11:44,controller_filename_request,2024-04-08T11:11:44,175.0,-93.0,totality,2024-04-08T20:11:45+02:00,1.0,1 s,100,0.0,0.0,0.0,4288,2848,12,32767,7.0,-321870115.0,
Sony A7S Questar 3.5 1280mm f14,20240408_111151total.arw,.ARW,,12569600,44d711f3f9bcf8b26de5aa12b244989350366f40b26643d789dc4a844bd06fa9,SONY,ILCE-7S,,2014:01:26 02:49:56,,,2014-01-26T02:49:56,2024-04-08T11:11:51,controller_filename_request,2024-04-08T11:11:51,182.0,-86.0,totality,2024-04-08T20:11:52+02:00,1.0,1 s,100,0.0,0.0,0.0,4288,2848,12,32767,7.0,-321870115.0,
Sony A7S Questar 3.5 1280mm f14,20240408_111159total.arw,.ARW,,12577280,e3f81bbd20fc826c1446ca09819a79f3a81af19b08f2e07d05a901d443c7f9b2,SONY,ILCE-7S,,2014:01:26 02:50:03,,,2014-01-26T02:50:03,2024-04-08T11:11:59,controller_filename_request,2024-04-08T11:11:59,190.0,-78.0,totality,2024-04-08T20:12:00+02:00,0.125,1/8,100,0.0,0.0,0.0,4288,2848,12,32767,8.0,-321870116.0,
Sony A7S Questar 3.5 1280mm f14,20240408_111206total.arw,.ARW,,12577280,55467f811db74deadcce6026df9cdaf21e494da5c3d24cb800a94ae5478b48a2,SONY,ILCE-7S,,2014:01:26 02:50:10,,,2014-01-26T02:50:10,2024-04-08T11:12:06,controller_filename_request,2024-04-08T11:12:06,197.0,-71.0,totality,2024-04-08T20:12:06+02:00,0.125,1/8,100,0.0,0.0,0.0,4288,2848,12,32767,7.0,-321870116.0,
Sony A7S Questar 3.5 1280mm f14,20240408_111212total.arw,.ARW,,12577280,a4a66d4c2f356304ef134f519de44b2d8374812e06c3460287c92f1b72e79af6,SONY,ILCE-7S,,2014:01:26 02:50:16,,,2014-01-26T02:50:16,2024-04-08T11:12:12,controller_filename_request,2024-04-08T11:12:12,203.0,-65.0,totality,2024-04-08T20:12:13+02:00,0.125,1/8,100,0.0,0.0,0.0,4288,2848,12,32767,6.0,-321870116.0,
Sony A7S Questar 3.5 1280mm f14,20240408_111218total.arw,.ARW,,12577280,e4c570bf2bed23d0159748003dfd57e4b471d6fdced228e26b2ef3066b69127e,SONY,ILCE-7S,,2014:01:26 02:50:22,,,2014-01-26T02:50:22,2024-04-08T11:12:18,controller_filename_request,2024-04-08T11:12:18,209.0,-59.0,totality,2024-04-08T20:12:18+02:00,0.125,1/8,100,0.0,0.0,0.0,4288,2848,12,32767,6.0,-321870116.0,
Sony A7S Questar 3.5 1280mm f14,20240408_111224total.arw,.ARW,,12572672,ab93fe7d20c75f988e5fb53a75c8e1c50b172cbaaee10d71f1ccd0fbdc75a6d8,SONY,ILCE-7S,,2014:01:26 02:50:28,,,2014-01-26T02:50:28,2024-04-08T11:12:24,controller_filename_request,2024-04-08T11:12:24,215.0,-53.0,totality,2024-04-08T20:12:24+02:00,0.125,1/8,100,0.0,0.0,0.0,4288,2848,12,32767,6.0,-321870116.0,
Sony A7S Questar 3.5 1280mm f14,20240408_111228total.arw,.ARW,,12523008,d25bb3cf562b2b6c00861c730478e1b5455f0f050a55b51281c7b62b0caea98a,SONY,ILCE-7S,,2014:01:26 02:50:32,,,2014-01-26T02:50:32,2024-04-08T11:12:28,controller_filename_request,2024-04-08T11:12:28,219.0,-49.0,totality,2024-04-08T20:12:29+02:00,0.025,1/40,100,0.0,0.0,0.0,4288,2848,12,32767,4.0,-321870116.0,
Sony A7S Questar 3.5 1280mm f14,20240408_111235total.arw,.ARW,,12523008,4e4c466298bf17064e86694008a1f6aaa01e876448962b19e61c962498638efd,SONY,ILCE-7S,,2014:01:26 02:50:39,,,2014-01-26T02:50:39,2024-04-08T11:12:35,controller_filename_request,2024-04-08T11:12:35,226.0,-42.0,totality,2024-04-08T20:12:35+02:00,0.025,1/40,100,0.0,0.0,0.0,4288,2848,12,32767,7.0,-321870116.0,
Sony A7S Questar 3.5 1280mm f14,20240408_111241total.arw,.ARW,,12522496,3ee0dc1c1ef5f1f9b4af0198a4110b4e3755aab23cdc77a89fd165c4a9815532,SONY,ILCE-7S,,2014:01:26 02:50:45,,,2014-01-26T02:50:45,2024-04-08T11:12:41,controller_filename_request,2024-04-08T11:12:41,232.0,-36.0,totality,2024-04-08T20:12:41+02:00,0.025,1/40,100,0.0,0.0,0.0,4288,2848,12,32767,6.0,-321870116.0,
Sony A7S Questar 3.5 1280mm f14,20240408_111247total.arw,.ARW,,12522496,7f6eb1541383b9c2ac89ee85ffd501676c09e9024442ba34884e735bf0d2171a,SONY,ILCE-7S,,2014:01:26 02:50:51,,,2014-01-26T02:50:51,2024-04-08T11:12:47,controller_filename_request,2024-04-08T11:12:47,238.0,-30.0,totality,2024-04-08T20:12:47+02:00,0.025,1/40,100,0.0,0.0,0.0,4288,2848,12,32767,6.0,-321870116.0,
Sony A7S Questar 3.5 1280mm f14,20240408_111253total.arw,.ARW,,12523008,a4f3feedbd6cbf141ab117a6fe19810abf6b2c7534131acad96bd7d736d43244,SONY,ILCE-7S,,2014:01:26 02:50:57,,,2014-01-26T02:50:57,2024-04-08T11:12:53,controller_filename_request,2024-04-08T11:12:53,244.0,-24.0,totality,2024-04-08T20:12:53+02:00,0.025,1/40,100,0.0,0.0,0.0,4288,2848,12,32767,6.0,-321870116.0,
Sony A7S Questar 3.5 1280mm f14,20240408_111259total.arw,.ARW,,12527104,8d7e50d4b269a9e3c52ca9c292bac417ef5a9856edbcb1f494cfbadba6b7aa9c,SONY,ILCE-7S,,2014:01:26 02:51:03,,,2014-01-26T02:51:03,2024-04-08T11:12:59,controller_filename_request,2024-04-08T11:12:59,250.0,-18.0,totality,2024-04-08T20:12:59+02:00,0.025,1/40,100,0.0,0.0,0.0,4288,2848,12,32767,6.0,-321870116.0,
Sony A7S Questar 3.5 1280mm f14,20240408_111305total.arw,.ARW,,12527104,a8b9da6641f70e2211e7ba913c8576811e6ecfaf585c32778dbc3c669e03d636,SONY,ILCE-7S,,2014:01:26 02:51:09,,,2014-01-26T02:51:09,2024-04-08T11:13:05,controller_filename_request,2024-04-08T11:13:05,256.0,-12.0,totality,2024-04-08T20:13:05+02:00,0.025,1/40,100,0.0,0.0,0.0,4288,2848,12,32767,6.0,-321870116.0,
Sony A7S Questar 3.5 1280mm f14,20240408_111307total.arw,.ARW,,12527104,ca710a4e9300b964ae009ba03b2d3c0ec283f52ac699d2ff70d64c0e9599d216,SONY,ILCE-7S,,2014:01:26 02:51:12,,,2014-01-26T02:51:12,2024-04-08T11:13:07,controller_filename_request,2024-04-08T11:13:07,258.0,-10.0,totality,2024-04-08T20:13:08+02:00,0.025,1/40,100,0.0,0.0,0.0,4288,2848,12,32767,2.0,-321870115.0,
Sony A7S Questar 3.5 1280mm f14,20240408_111314total.arw,.ARW,,12548096,ff5414b283326c43308eed671038bcfe14a9b259a380051cec0b104b767b0de3,SONY,ILCE-7S,,2014:01:26 02:51:19,,,2014-01-26T02:51:19,2024-04-08T11:13:14,controller_filename_request,2024-04-08T11:13:14,265.0,-3.0,totality,2024-04-08T20:13:15+02:00,0.05,1/20,100,0.0,0.0,0.0,4288,2848,12,32767,7.0,-321870115.0,
Sony A7S Questar 3.5 1280mm f14,20240408_111321total.arw,.ARW,,12544000,d99848626180886ffaa99bdb7d02281fad5f9078851ab95613222d4967631c89,SONY,ILCE-7S,,2014:01:26 02:51:25,,,2014-01-26T02:51:25,2024-04-08T11:13:21,controller_filename_request,2024-04-08T11:13:21,272.0,4.0,post_C3,2024-04-08T20:13:21+02:00,0.05,1/20,100,0.0,0.0,0.0,4288,2848,12,32767,7.0,-321870116.0,
Sony A7S Questar 3.5 1280mm f14,20240408_111328total.arw,.ARW,,12555776,ac477be2dcc23c9ebc5f0fbdc8e7e84c5c1416c4ec86f9743e7784dbaee54363,SONY,ILCE-7S,,2014:01:26 02:51:32,,,2014-01-26T02:51:32,2024-04-08T11:13:28,controller_filename_request,2024-04-08T11:13:28,279.0,11.0,post_C3,2024-04-08T20:13:28+02:00,0.0025,1/400,100,0.0,0.0,0.0,4288,2848,12,32767,7.0,-321870116.0,
Sony A7S Questar 3.5 1280mm f14,20240408_111331total.arw,.ARW,,12555776,57af4f92b51381540de3fdd81485dcc86bb80c1a6e100e4c1ddf49242017970f,SONY,ILCE-7S,,2014:01:26 02:51:35,,,2014-01-26T02:51:35,2024-04-08T11:13:31,controller_filename_request,2024-04-08T11:13:31,282.0,14.0,post_C3,2024-04-08T20:13:32+02:00,0.0025,1/400,100,0.0,0.0,0.0,4288,2848,12,32767,3.0,-321870116.0,
Sony A7S Questar 3.5 1280mm f14,20240408_111338total.arw,.ARW,,12551680,9b919e0996241328fa09d6897005d8d6e9ae6ebccb4c0dc21a6b4aaf8a6639b6,SONY,ILCE-7S,,2014:01:26 02:51:42,,,2014-01-26T02:51:42,2024-04-08T11:13:38,controller_filename_request,2024-04-08T11:13:38,289.0,21.0,post_C3,2024-04-08T20:13:39+02:00,0.0015625,1/640,100,0.0,0.0,0.0,4288,2848,12,32767,7.0,-321870116.0,
Sony A7S Questar 3.5 1280mm f14,20240408_111341total.arw,.ARW,,12547584,9ee9f036f59798da3b99d7863a5c8870a2cd4571235bc29ac219555edcb33877,SONY,ILCE-7S,,2014:01:26 02:51:45,,,2014-01-26T02:51:45,2024-04-08T11:13:41,controller_filename_request,2024-04-08T11:13:41,292.0,24.0,post_C3,2024-04-08T20:13:42+02:00,0.0015625,1/640,100,0.0,0.0,0.0,4288,2848,12,32767,3.0,-321870116.0,
Sony A7S Questar 3.5 1280mm f14,20240408_111344total.arw,.ARW,,12547584,2c0792ca045db5abfdaa4c1bdd09f1fc0374cd1556f895eb0385941688891de0,SONY,ILCE-7S,,2014:01:26 02:51:48,,,2014-01-26T02:51:48,2024-04-08T11:13:44,controller_filename_request,2024-04-08T11:13:44,295.0,27.0,post_C3,2024-04-08T20:13:45+02:00,0.0015625,1/640,100,0.0,0.0,0.0,4288,2848,12,32767,3.0,-321870116.0,
Sony A7S Questar 3.5 1280mm f14,20240408_111347total.arw,.ARW,,12543488,43cfec6c3f57914e295a2b0f3be19fd1d63deeb93f30a9b22488a747b0a748d0,SONY,ILCE-7S,,2014:01:26 02:51:51,,,2014-01-26T02:51:51,2024-04-08T11:13:47,controller_filename_request,2024-04-08T11:13:47,298.0,30.0,post_C3,2024-04-08T20:13:48+02:00,0.0015625,1/640,100,0.0,0.0,0.0,4288,2848,12,32767,3.0,-321870116.0,
Sony A7S Questar 3.5 1280mm f14,20240408_111350total.arw,.ARW,,12543488,a67b38eabd751c2fa8b5bc621c2338a1b047f55781ba268d97bf996c8e5bf022,SONY,ILCE-7S,,2014:01:26 02:51:54,,,2014-01-26T02:51:54,2024-04-08T11:13:50,controller_filename_request,2024-04-08T11:13:50,301.0,33.0,post_C3,2024-04-08T20:13:51+02:00,0.0015625,1/640,100,0.0,0.0,0.0,4288,2848,12,32767,3.0,-321870116.0,
